date,recapture,LU,species,sex,wing photo,Bm (g),FA (mm),tailL (mm),earL (mm),HF (mm),TL (mm),Wing area cm2,Wingspan (cm),Wing loading,Aspect ratio
16/01/2016,0.00,LU2,Artibeus lituratus,F,NA,NA,67.46,0,23,40.5,93.66,NA,NA,NA,NA
16/01/2016,0.00,LU2,Artibeus lituratus,F,NA,63.5,NA,NA,21,41,84,NA,NA,NA,NA
16/01/2016,0.00,LU2,Artibeus planirostris,M,NA,45.5,63,0,19,38,79,NA,NA,NA,NA
16/01/2016,0.00,LU2,Artibeus planirostris,F,NA,51.5,64.3,0,17.2,40.1,79.9,NA,NA,NA,NA
16/01/2016,0.00,LU2,Artibeus planirostris,M,NA,30,62.9,0,17.9,36.6,69.2,NA,NA,NA,NA
16/01/2016,0.00,LU2,Carollia perspicillata,F,NA,24,43.4,10,15.7,32.3,75.8,NA,NA,NA,NA
16/01/2016,0.00,LU2,Carollia perspicillata,F,NA,20,44.3,9,17,32.6,75.7,NA,NA,NA,NA
16/01/2016,0.00,LU2,Carollia perspicillata,M,NA,17,41,7,16,24,63.2,NA,NA,NA,NA
16/01/2016,0.00,LU2,Carollia perspicillata,F,NA,18,41.2,10,19,31.5,66.5,NA,NA,NA,NA
16/01/2016,0.00,LU2,Phyllostomus discolor,M,NA,44,65,10,18,37,98,NA,NA,NA,NA
16/01/2016,0.00,LU2,Phyllostomus discolor,F,NA,NA,64.82,19,18,36,92.72,NA,NA,NA,NA
16/01/2016,0.00,LU2,Phyllostomus discolor,F,NA,35,62.3,11,16.1,37.2,85.7,NA,NA,NA,NA
16/01/2016,0.00,LU2,Phyllostomus discolor,F,NA,39,62.2,11,21,37,92.2,NA,NA,NA,NA
21/01/2016,0.00,LU3,Artibeus lituratus,F,224344668,81,72.74,0,21,47.46,85.88,446.182,53.558,1.780910032229,6.42889978528941
21/01/2016,0.00,LU3,Artibeus planirostris,F,240718515,45,69.38,0,15.88,44.16,82.04,326.77,42.478,1.35095020962757,5.52186701349573
21/01/2016,0.00,LU3,Carollia castanea,F,242924170,14,35.56,4,13,25.58,54.32,129,27.44,1.0646511627907,5.8368496124031
21/01/2016,0.00,LU3,Carollia castanea,M,11616309,13,36.1,8,13,26.28,63.28,126.196,27.086,1.01057085803037,5.81358676978668
21/01/2016,0.00,LU3,Carollia perspicillata,F,192106189,16,41.02,11,16,30.09,65.1,164.286,30.294,0.955407034074723,5.58615119973704
21/01/2016,0.00,LU3,Carollia perspicillata,M,235650179,NA,42.3,8,14,32.3,69.4,162.836,30.644,NA,5.7668742538505
21/01/2016,0.00,LU3,Carollia perspicillata,NA,244925339,NA,45.52,10,13,33.34,128,151.902,28.6,NA,5.38478756040079
21/01/2016,0.00,LU3,Carollia perspicillata,F,10654823,24,41.6,9,19,31.2,68.96,148.812,28.32,1.58213047334892,5.38950084670591
21/01/2016,0.00,LU3,Carollia perspicillata,M,241645848,26,41.58,13,17,32.86,67.71,178.87,31.206,1.42595180857606,5.44425804215352
21/01/2016,0.00,LU3,Carollia perspicillata,M,12451494,17,41.2,8,16,28.12,59.72,149.05,29.22,1.11888627977189,5.72833545790003
21/01/2016,0.00,LU3,Carollia perspicillata,M,232121066,NA,40.12,6,15,29.48,62.32,139.242,26.734,NA,5.1328389135462
21/01/2016,0.00,LU3,Desmodus rotundus,M,.085559915,30,59.3,0,21,41,79.58,137.836,31.596,2.1351461156737,7.24271754839084
21/01/2016,0.00,LU3,Desmodus rotundus,M,.090242420,25,59.1,0,19,41,70.2,144.112,32.46,1.70180137670701,7.31133840346397
21/01/2016,0.00,LU3,Desmodus rotundus,F,.090708419,32,62.22,0,18,43,74.12,181.388,38.224,1.73065472908902,8.05496601759764
23/01/2016,0.00,LU4,Artibeus planirostris,M,NA,36,66.4,0,20,38.66,78.12,NA,NA,NA,NA
23/01/2016,0.00,LU4,Artibeus planirostris,F,NA,59,68.07,0,15.04,48.67,80,NA,NA,NA,NA
23/01/2016,0.00,LU4,Artibeus planirostris,F,8403,57,66.6,0,17,40.6,80.4,352.04,48.24,1.58837063970003,6.61032155436882
23/01/2016,0.00,LU4,Artibeus planirostris,F,9475,50.5,61.27,0,13.85,36.72,86.9,260.6,40.6,1.90101688411358,6.32524942440522
23/01/2016,0.00,LU4,Artibeus planirostris,F,.0075,63,66.15,0,16.91,43.2,88.9,343.6,46.4,1.79869033760186,6.26589057043073
23/01/2016,0.00,LU4,Artibeus planirostris,F,6953,51.5,61.38,0,18.4,37.42,81.9,310.8,45.2,1.62553088803089,6.57348777348777
23/01/2016,0.00,LU4,Artibeus planirostris,M,3605,56,66.72,0,17,38.96,77.44,343.8,46.6,1.5979057591623,6.31634671320535
23/01/2016,0.00,LU4,Artibeus planirostris,F,9169,47,60.1,0,17,37,84.05,290.4,43,1.58770661157025,6.36707988980716
23/01/2016,0.00,LU4,Artibeus planirostris,M,6559,48,62.93,0,18.28,38.94,79,292.8,43.6,1.60819672131148,6.49234972677596
23/01/2016,0.00,LU4,Artibeus planirostris,M,5917-8771,54,62.8,0,16,40.92,77.42,314.6,45.8,1.68385251112524,6.66764144945963
23/01/2016,0.00,LU4,Artibeus planirostris,F,2940,57,67.98,0,18.13,40.63,87.83,324.8,43.8,1.72158251231527,5.90652709359606
23/01/2016,0.00,LU4,Artibeus planirostris,F,4417,58,69.46,0,22.77,43.9,88.07,363.6,48.6,1.56485148514852,6.4960396039604
23/01/2016,0.00,LU4,Carollia perspicillata,M,8381,17,40.69,9.82,15.44,29.94,65.24,165.366,32.862,1.00849025797322,6.5304297376728
23/01/2016,0.00,LU4,Carollia perspicillata,M,NA,18,41.12,10.75,16.5,30.33,68.83,NA,NA,NA,NA
23/01/2016,0.00,LU4,Carollia perspicillata,F,1692,19,40.84,8.69,18.17,30.89,63.2,153.8,29.8,1.21189856957087,5.7739921976593
23/01/2016,0.00,LU4,Carollia perspicillata,M,NA,16,42.11,15.24,15.24,30.23,56.36,NA,NA,NA,NA
23/01/2016,0.00,LU4,Carollia perspicillata,M,8615,13,40.8,9.73,17.95,29.83,62.67,166.8,32.4,0.764568345323741,6.29352517985612
23/01/2016,0.00,LU4,Gardnerycteris crenulatum,F,6969,16,47.97,21.54,22.85,30.9,79.24,153.8,33,1.02054616384915,7.08062418725618
23/01/2016,0.00,LU4,Gardnerycteris crenulatum,M,3450,13,51.71,23.26,21.55,35.1,80.2,204.8,35.6,0.622705078125,6.18828125
23/01/2016,0.00,LU4,Gardnerycteris crenulatum,M,5094,15,53.08,22.27,24.38,34.8,81.44,215.4,37.4,0.683147632311978,6.49377901578459
23/01/2016,0.00,LU4,Phyllostomus discolor,F,7225,36,58.76,16.8,20.7,33.5,89.27,238.8,39,1.47889447236181,6.36934673366834
23/01/2016,0.00,LU4,Phyllostomus discolor,M,8547,31,57.08,10.11,21.1,31.11,81.53,261.2,40.8,1.16428024502297,6.37304747320061
23/01/2016,0.00,LU4,Phyllostomus discolor,F,9508,33,60.17,5,10.4,35.02,81.2,237.2,41.2,1.3647976391231,7.15615514333896
23/01/2016,0.00,LU4,Sturnira lillium,M,2234,14,47.47,0,21,33.7,61,148.44,31.6,0.925222312045271,6.72702775532202
23/01/2016,0.00,LU4,Sturnira lillium,M,9243,19.5,40.78,0,14.64,27.4,59.99,141.02,30.8,1.35650971493405,6.72698907956318
23/01/2016,0.00,LU4,Sturnira lillium,F,.0320,16,35.72,0,12,26.18,58.38,133.6,30.6,1.1748502994012,7.00868263473054
23/01/2016,0.00,LU4,Sturnira lillium,NA,7758,NA,NA,NA,NA,NA,NA,159.48,33.4,NA,6.9949836970153
23/01/2016,0.00,LU4,Sturnira lillium,M,NA,21,45.68,0,10,30.64,65.34,NA,NA,NA,NA
23/01/2016,0.00,LU4,Sturnira lillium,F,NA,21,42.08,0,14.8,28.44,62.8,NA,NA,NA,NA
23/01/2016,0.00,LU4,Sturnira lillium,M,1731,18,41.64,0,13.91,27,59.38,140.72,29.8,1.25483229107447,6.31068789084707
23/01/2016,0.00,LU4,Uroderma bilobatum,M,.0181,16,42.11,0,15.92,26.03,54.34,168,32.8,0.934285714285714,6.40380952380952
25/01/2016,0.00,LU1,Artibeus lituratus,F,223724459,53,67.4,0,18,40.06,79.7,277.6,38.4,1.87294668587896,5.31181556195965
25/01/2016,0.00,LU1,Artibeus lituratus,M,224350899,26,59.53,0,16,37.95,62.82,NA,NA,NA,NA
25/01/2016,0.00,LU1,Artibeus planirostris,NA,225634187,48,60.96,0,15,37.94,72.55,247.8,40.8,1.90024213075061,6.71767554479419
25/01/2016,0.00,LU1,Artibeus planirostris,M,234710895,53,65.5,0,17,38.49,71.96,318.8,45.2,1.63089711417817,6.40853199498118
25/01/2016,0.00,LU1,Artibeus planirostris,M,232415329,55,64.34,0,    ,41.7,80.88,269.6,42.2,2.00129821958457,6.60548961424332
25/01/2016,0.00,LU1,Artibeus planirostris,M,234057282,56,68.12,0,18,38.06,92.22,302.6,43.8,1.81546596166557,6.3398545935228
25/01/2016,0.00,LU1,Artibeus planirostris,M,240459102,49.5,66.96,0,17,39.88,84,293.2,43.8,1.65619031377899,6.5431105047749
25/01/2016,0.00,LU1,Carollia perspicillata,F,184201863,16,42.34,14,16,31.94,65.4,143,27.2,1.09762237762238,5.17370629370629
25/01/2016,0.00,LU1,Carollia perspicillata,F,221600757,20,44.36,8,16,29.9,68.12,154.4,30.3,1.27072538860104,5.94617875647668
25/01/2016,0.00,LU1,Carollia perspicillata,M,230024224,16,41.2,9,15,30.74,62.4,144.4,29.6,1.08698060941828,6.06759002770083
25/01/2016,0.00,LU1,Glossophaga soricina,F,231418334,10,33.68,7,10,20.83,50.71,93.4,25.2,1.05032119914347,6.79914346895075
28/01/2016,0.00,LU2,Artibeus lituratus,F,242904546,66.8,70.68,0,21,41.68,90.66,359,47.32,1.8253704735376,6.23727688022284
28/01/2016,0.00,LU2,Artibeus planirostris,NA,230417550,59.8,66.42,0,18,38.12,83.5,321.4,45.4,1.82525824517735,6.4130678282514
28/01/2016,0.00,LU2,Artibeus planirostris,F,240859123,49.3,64.94,0,18,36.06,82.72,285.4,42.4,1.69457953749124,6.29908899789769
28/01/2016,0.00,LU2,Artibeus planirostris,NA,243121542,44,69.85,0,20,35.12,77.04,285.6,42.4,1.51134453781513,6.29467787114846
28/01/2016,1.00,LU2,Carollia perspicillata,F,222756141,20.5,43.68,8,17,29.32,65.82,123,26.6,1.635,5.75252032520325
28/01/2016,0.00,LU2,Carollia perspicillata,F,232222444,18.6,42.7,9,17,29.94,60.86,171.6,32.2,1.06332167832168,6.04219114219114
28/01/2016,0.00,LU2,Carollia perspicillata,F,235157515,18.8,40.78,8,18,30,61.12,150.1,31,1.22870086608927,6.40239840106596
28/01/2016,0.00,LU2,Carollia perspicillata,F,225557121,NA,40.18,7,17,26.69,60.42,164.4,32,NA,6.2287104622871
28/01/2016,0.00,LU2,Carollia perspicillata,F,NA,14,39.36,NA,17,26.64,58.93,NA,NA,NA,NA
28/01/2016,0.00,LU2,Carollia perspicillata,NA,12243168,20.4,41.91,5,15,27.41,64.24,141.2,31.2,1.41730878186969,6.89405099150142
28/01/2016,0.00,LU2,Carollia perspicillata,F,11119684,18.8,42.92,7.5,18,32.46,62.38,156.4,30.8,1.17920716112532,6.06547314578005
28/01/2016,0.00,LU2,Carollia perspicillata,NA,234609922,20,41.98,5,20,25.41,61.36,162.6,32.4,1.20664206642066,6.45608856088561
28/01/2016,0.00,LU2,Carollia perspicillata,F,245820685,15,41.57,5,15,28.08,57.54,145,31.2,1.0148275862069,6.71337931034483
28/01/2016,0.00,LU2,Phyllostomus discolor,M,244923622,47.5,67.8,6.5,19,40.44,91.6,249.8,40.6,1.86539231385108,6.59871897518014
28/01/2016,0.00,LU2,Phyllostomus discolor,M,12843054,38.3,65.62,8,21,34.84,97.34,228.1,42.4,1.64718544498027,7.88145550197282
28/01/2016,0.00,LU2,Phyllostomus discolor,F,223348435,36,62.08,10,20,38.74,86.97,251.6,43,1.40365659777425,7.3489666136725
28/01/2016,0.00,LU2,Phyllostomus discolor,NA,13518353,44.4,63.24,7,17,34.06,90.06,NA,NA,NA,NA
05/03/2016,0.00,LU4,Artibeus lituratus,M,10453747,70.7,68.3,0,22.4,41.9,86.4,407.2,51.4,1.70325884086444,6.48811394891945
05/03/2016,0.00,LU4,Artibeus lituratus,M,NA,63.9,70.16,0,22,44.6,94.84,NA,NA,NA,NA
05/03/2016,0.00,LU4,Artibeus lituratus,M,41112390,61.8,71.3,0,21.9,43.1,86.2,406.8,46.1,1.49030973451327,5.2242133726647
05/03/2016,0.00,LU4,Artibeus lituratus,F,52433437,60.2,66.9,0,19.4,41.5,93.2,344.8,47.2,1.71276682134571,6.46125290023202
05/03/2016,0.00,LU4,Artibeus planirostris,M,244002081,58.6,69,0,20.03,39.5,79.9,364.2,47.2,1.57843492586491,6.11707852828117
05/03/2016,0.00,LU4,Artibeus planirostris,F,11454162,55.8,66.56,0,11.5,37.4,83,331.8,45.6,1.64978300180832,6.26690777576854
05/03/2016,0.00,LU4,Artibeus planirostris,F,245706850,58.8,64.6,0,17,39.68,84.8,303.4,42.4,1.90121292023731,5.92537903757416
05/03/2016,0.00,LU4,Artibeus planirostris,NA,NA,NA,NA,NA,NA,NA,NA,NA,NA,NA,NA
05/03/2016,0.00,LU4,Artibeus planirostris,F,40915155,43.7,64.86,0,19.5,36.14,78.02,291.8,44.2,1.46914667580535,6.69513365318712
05/03/2016,0.00,LU4,Artibeus planirostris,F,42015967,57.5,66.74,0,16.5,41.44,84,304.06,42.4,1.85514372163389,5.91251726632901
05/03/2016,0.00,LU4,Artibeus planirostris,F,45133176,44.1,55.48,0,17.5,38.84,87.9,316.2,46.2,1.36818785578748,6.75028462998103
05/03/2016,0.00,LU4,Artibeus planirostris,M,52038034,47.8,63.41,0,17.5,38.22,84.76,309.8,45.4,1.51361523563589,6.65319561007101
05/03/2016,0.00,LU4,Artibeus planirostris,M,13153887,48.4,65.9,0,18.9,31.5,78.1,323.4,46.4,1.46816326530612,6.65726654298083
05/03/2016,0.00,LU4,Artibeus planirostris,M,43227608,46.5,65.4,0,17.9,38.1,84.4,291.8,43.6,1.5632796435915,6.51459904043866
05/03/2016,0.00,LU4,Artibeus planirostris,M,45411649,49.3,64.9,0,18.3,38.1,82.6,295.4,45.2,1.63721394719025,6.91618144888287
05/03/2016,0.00,LU4,Carollia perspicillata,F,14331834,11.5,43.74,7,16,28.86,62.52,NA,NA,NA,NA
05/03/2016,0.00,LU4,Carollia perspicillata,F,243644524,15.8,42.5,11.1,15.1,31.9,66.9,162.8,30.2,0.952076167076167,5.6022113022113
05/03/2016,0.00,LU4,Carollia perspicillata,M,10101146,8.9,38.9,6.3,14.8,27.8,50.7,125.2,28.2,0.697356230031949,6.3517571884984
05/03/2016,0.00,LU4,Carollia perspicillata,F,24509629,16.2,41.22,10.5,16,31.18,70.26,163.4,31.4,0.972594859241126,6.03402692778458
05/03/2016,0.00,LU4,Carollia perspicillata,F,30253173,17.2,43.44,11,20.5,35.36,66.12,160.8,30.2,1.04932835820896,5.67189054726368
05/03/2016,0.00,LU4,Carollia perspicillata,F,30130910,18.2,40.7,8.4,16.8,27.6,65.1,148.8,30.6,1.19987903225806,6.29274193548387
05/03/2016,0.00,LU4,Gardnerycteris crenulatum,F,20002662,16.2,49.16,25,25,32.24,68.62,215.6,37.8,0.737115027829314,6.62727272727273
05/03/2016,0.00,LU4,Gardnerycteris crenulatum,F,22214974,16,49.78,21,25.5,32.38,83.44,169,33.4,0.928757396449704,6.60094674556213
05/03/2016,0.00,LU4,Gardnerycteris crenulatum,F,31343415,16.13,47.92,20.5,24.5,32.7,82.12,193.4,35.2,0.818176318510858,6.40661840744571
05/03/2016,0.00,LU4,Gardnerycteris crenulatum,F,33531253,12.7,49.06,24.5,23.5,32.12,59.8,210.8,37,0.591019924098672,6.49430740037951
05/03/2016,0.00,LU4,Gardnerycteris crenulatum,M,14902456,12.4,48.6,21.1,23.7,31.5,78.1,191.2,36.4,0.636213389121339,6.92970711297071
05/03/2016,0.00,LU4,Gardnerycteris crenulatum,M,14651298,11.7,45.7,21.1,24.1,31.1,81.8,195.2,34.2,0.587996926229508,5.99200819672131
05/03/2016,0.00,LU4,Gardnerycteris crenulatum,F,20328235,17.2,50.6,28.8,24.5,31.1,85.7,200.2,37,0.842817182817183,6.83816183816184
05/03/2016,0.00,LU4,Gardnerycteris crenulatum,F,23507503,13.5,49.4,18.6,23.4,30.9,78.5,192.4,33.8,0.688331600831601,5.93783783783784
05/03/2016,0.00,LU4,Gardnerycteris crenulatum,M,31438197,13.5,50.1,22.3,20.6,33.25,79.7,192.4,35.2,0.688331600831601,6.43991683991684
05/03/2016,0.00,LU4,Sturnira lillium,M,23237505,20,43.18,0,12,28.22,62.74,148.8,30.2,1.31854838709677,6.12930107526882
05/03/2016,0.00,LU4,Sturnira lillium,M,34720202,8.5,42.9,0,13.5,27.74,58.08,137.6,30.2,0.605995639534884,6.6281976744186
05/03/2016,0.00,LU4,Sturnira lillium,M,35857511,17.8,40.16,0,15,24.14,59.6,141.8,29.6,1.23143864598025,6.17884344146686
05/03/2016,0.00,LU4,Sturnira lillium,F,43007217,16.6,39.2,0,13.5,25.2,55.66,127.6,28.2,1.27622257053292,6.23228840125392
05/03/2016,0.00,LU4,Sturnira lillium,F,44140462,16.3,41.48,0,12.5,26.9,57.54,143.8,28.8,1.11198191933241,5.76801112656467
05/03/2016,0.00,LU4,Sturnira lillium,M,25843182,18.1,43.1,0,12.3,27.1,54.3,144.4,28.6,1.22964681440443,5.66454293628809
05/03/2016,0.00,LU4,Sturnira lillium,M,NA,19.1,44.1,0,15.6,18.9,59.8,NA,NA,NA,NA
05/03/2016,0.00,LU4,Sturnira lillium,M,33144107,18.2,41.74,0,16.6,25.7,58,127.2,26.2,1.4036320754717,5.39654088050314
05/03/2016,0.00,LU4,Sturnira lillium,M,40057816,12,39.3,0,15.21,26.3,60.7,133.2,27.8,0.883783783783784,5.8021021021021
05/03/2016,0.00,LU4,Sturnira lillium,M,42234450,18.5,44,0,14.6,27.1,53.7,114,28.2,1.59197368421053,6.97578947368421
05/03/2016,0.00,LU4,Sturnira lillium,F,50557673,16.9,64.9,0,13.11,27.82,55,133.6,29.2,1.24093562874251,6.38203592814371
05/03/2016,0.00,LU4,Sturnira lillium,F,50204846,18.7,38.06,0,11.5,20.12,58.88,134.8,57.8,1.36088278931751,24.7836795252225
05/03/2016,0.00,LU4,Sturnira lillium,M,2034542,20.9,41.1,0,14.55,26.7,60.5,NA,NA,NA,NA
05/03/2016,0.00,LU4,Uroderma bilobatum,F,164020769,17.8,43.1,0,16.8,27.5,58.4,163.4,31.6,1.06865361077111,6.11113831089351
09/03/2016,0.00,LU2,Artibeus lituratus,M,233756494,60.2,72.08,0,21,43.62,90.58,413.2,52.2,1.42924007744434,6.5944820909971
09/03/2016,0.00,LU2,Artibeus planirostris,M,222834456,50.8,63.08,0,16,35.88,88,309.6,43.8,1.6096511627907,6.19651162790698
09/03/2016,0.00,LU2,Artibeus planirostris,F,225005228,49.2,63.7,0,18,85.62,85.62,314.4,43.8,1.53515267175573,6.10190839694656
09/03/2016,0.00,LU2,Artibeus planirostris,M,232020092,46.2,66.72,0,20.5,41.58,86.94,352.2,48.2,1.28683134582624,6.59636570130608
09/03/2016,0.00,LU2,Artibeus planirostris,M,232621011,42.6,64.5,0,16.5,40.6,75.08,281.8,44.4,1.48298793470547,6.99559971611072
09/03/2016,0.00,LU2,Artibeus planirostris,M,240854757,50.9,66.5,0,16.5,40.62,83.3,301.2,45.8,1.65779880478088,6.96427622841965
09/03/2016,0.00,LU2,Artibeus planirostris,M,243028118,46,64.8,0,18,37.86,76.94,279.8,43.2,1.61279485346676,6.6699070764832
09/03/2016,0.00,LU2,Artibeus planirostris,M,244354826,52.1,66.28,0,16,41.36,83.68,308.2,44.8,1.65834198572356,6.51213497728748
09/03/2016,0.00,LU2,Artibeus planirostris,M,245011968,42.2,66.04,0,17,36.02,77.62,330.8,47.8,1.25145707376058,6.90701330108827
09/03/2016,0.00,LU2,Carollia perspicillata,M,221957632,17,43.08,9.5,14,29.58,64.54,171.8,31.8,0.970721769499418,5.88614668218859
09/03/2016,0.00,LU2,Carollia perspicillata,M,224158706,15.1,40.38,8,15.5,29.18,65.48,142.02,29.2,1.04302915082383,6.00366145613294
09/03/2016,0.00,LU2,Carollia perspicillata,F,225732228,16.7,44.04,8.5,17.5,33.54,65.42,176.4,33,0.928724489795918,6.1734693877551
09/03/2016,0.00,LU2,Carollia perspicillata,F,230719027,16.9,42.9,8.5,17.5,31.38,68.3,160.8,31.2,1.03102611940298,6.05373134328358
09/03/2016,0.00,LU2,Carollia perspicillata,F,234629669,14.2,42.2,7,18,29.58,57.92,151.4,31.4,0.920092470277411,6.51228533685601
09/03/2016,0.00,LU2,Carollia perspicillata,F,235551483,13.1,42.8,8.5,16,29.16,64.2,150.4,29.2,0.854461436170213,5.66914893617021
09/03/2016,0.00,LU2,Carollia perspicillata,F,240210551,14.2,41.48,6.5,15.1,29.46,57.7,158.2,31,0.880543615676359,6.07458912768647
09/03/2016,0.00,LU2,Carollia perspicillata,F,241540356,17.7,43,7,16,30.38,66.38,169.4,31.4,1.02501180637544,5.82030696576151
09/03/2016,0.00,LU2,Carollia perspicillata,F,242526079,15.4,44.5,5,16,30.5,56.26,176.2,32.8,0.857400681044268,6.10578887627696
09/03/2016,0.00,LU2,Carollia perspicillata,F,243849926,18.9,42.96,6.5,15,28.06,64.58,167.2,31.8,1.10890550239234,6.04808612440191
09/03/2016,0.00,LU2,Carollia perspicillata,M,245719113,14.6,41.46,6.5,13.5,29.82,59.72,157.4,31.4,0.90994917407878,6.26404066073698
09/03/2016,0.00,LU2,Carollia perspicillata,F,10616881,13.9,41.1,7,15.5,28.72,60.16,142,30.6,0.960274647887324,6.59408450704225
09/03/2016,0.00,LU2,Carollia perspicillata,M,11416098,14.1,41.16,8.5,15.5,30.84,63.68,134,28.4,1.03224626865672,6.01910447761194
09/03/2016,0.00,LU2,Carollia perspicillata,NA,NA,NA,NA,NA,NA,NA,NA,NA,NA,NA,NA
09/03/2016,0.00,LU2,Carollia perspicillata,NA,NA,NA,NA,NA,NA,NA,NA,NA,NA,NA,NA
09/03/2016,0.00,LU2,Carollia perspicillata,NA,NA,NA,NA,NA,NA,NA,NA,NA,NA,NA,NA
12/03/2016,0.00,LU3,Artibeus lituratus,M,223340686,62.7,71.58,0,19.5,41.86,89.82,375.8,51,1.63674028738691,6.92123469930814
12/03/2016,0.00,LU3,Artibeus lituratus,M,240546305,64.4,70.08,0,20.5,40.24,91.68,345.8,47.6,1.82696356275304,6.55222672064777
12/03/2016,0.00,LU3,Artibeus lituratus,M,25001488,65.6,71.42,0,20,32.06,90.96,339.2,46.4,1.89721698113208,6.34716981132075
12/03/2016,0.00,LU3,Artibeus planirostris,M,215803512,50.1,68.62,0,18,42.76,83.28,322.8,47.6,1.52255576208178,7.01908302354399
12/03/2016,0.00,LU3,Artibeus planirostris,M,222520936,53.4,65.78,0,15.5,42.9,87.74,270.2,43.6,1.93876387860844,7.03538119911177
12/03/2016,0.00,LU3,Artibeus planirostris,M,NA,53.9,65.68,0,13,36.56,78.28,NA,NA,NA,NA
12/03/2016,0.00,LU3,Artibeus planirostris,M,242115619,51.7,66.1,0,18,40.1,86.44,295.2,43.4,1.71807926829268,6.38062330623306
12/03/2016,0.00,LU3,Carollia castanea,F,221708585,11.7,36.76,6.5,13.5,23.14,49.26,109,26.4,1.053,6.39412844036697
12/03/2016,0.00,LU3,Carollia castanea,F,230742847,11.5,36.4,7.5,13.5,24.96,54.72,112,25.8,1.00727678571429,5.94321428571429
12/03/2016,0.00,LU3,Carollia castanea,M,12300523,13,37.16,5.5,10.5,25.44,55.84,120.4,28.2,1.05921926910299,6.60498338870432
12/03/2016,0.00,LU3,Carollia perspicillata,F,220725477,19.3,42.72,7,16,30.98,64.62,146.4,30.6,1.29325819672131,6.39590163934426
12/03/2016,0.00,LU3,Carollia perspicillata,F,NA,17,41.44,9,14.3,30.36,68.24,NA,NA,NA,NA
12/03/2016,0.00,LU3,Carollia perspicillata,F,235906012,18.6,42,10.5,14.5,28.12,67.6,155,29.8,1.1772,5.72929032258065
12/03/2016,0.00,LU3,Carollia perspicillata,F,244537583,18,43.06,10.5,19,31.8,70.56,169.8,33.6,1.03992932862191,6.64876325088339
12/03/2016,0.00,LU3,Carollia perspicillata,M,245910568,17.9,40.18,7,15,28.36,61.72,145.2,28.4,1.20935950413223,5.55482093663912
12/03/2016,0.00,LU3,Carollia perspicillata,NA,11056337,14.4,41.02,8.5,11,28.88,NA,151.8,30,0.930592885375494,5.92885375494071
12/03/2016,0.00,LU3,Carollia perspicillata,M,13247204,16.2,42.46,9,11.5,30.66,64.26,146.6,28.4,1.08405184174625,5.50177353342428
12/03/2016,0.00,LU3,Carollia perspicillata,F,14350837,19.9,41.2,6,15.5,27.9,64.16,162.4,31.2,1.20208743842365,5.99408866995074
12/03/2016,0.00,LU3,Carollia perspicillata,M,15126352,14.9,43.24,7.5,16,30.3,63.5,164.1,32.6,0.89073126142596,6.47629494210847
12/03/2016,0.00,LU3,Carollia perspicillata,F,15922512,15.6,44.58,8.5,16.5,29.74,62.9,169.8,32.8,0.901272084805654,6.3359246171967
12/03/2016,0.00,LU3,Carollia perspicillata,F,23455022,18.1,43.5,10.5,16.5,28.04,72.78,174.6,33,1.0169587628866,6.23711340206186
12/03/2016,0.00,LU3,Carollia perspicillata,F,30342919,18.5,45.76,9,15.5,31.28,54.95,163.6,31.8,1.10932151589242,6.18117359413203
12/03/2016,0.00,LU3,Desmodus rotundus,M,95458287,35.7,57.18,0,16.6,42.7,70.04,169.4,32.4,2.06739669421488,6.19693034238489
12/03/2016,0.00,LU3,Desmodus rotundus,F,114815095,45.1,63.51,0,17.7,42.66,74.8,216.2,38,2.04639685476411,6.67900092506938
12/03/2016,0.00,LU3,Desmodus rotundus,F,115030748,34.7,60.66,0,13.61,41.46,70.41,202.2,38.2,1.68351632047478,7.21681503461919
12/03/2016,0.00,LU3,Desmodus rotundus,M,115430893,29.6,56.46,0,14.62,38.38,64.59,172.4,36.4,1.68431554524362,7.68538283062645
12/03/2016,0.00,LU3,Desmodus rotundus,M,115649351,28.8,56.84,0,17.74,40.31,66.02,190.2,36.8,1.48542586750789,7.12008412197687
12/03/2016,0.00,LU3,Desmodus rotundus,F,115938936,41.2,62.49,0,15.13,42.41,74.54,197.8,38,2.04333670374115,7.30030333670374
12/03/2016,0.00,LU3,Desmodus rotundus,M,120225870,29.03,58.14,0,16.05,40.03,62.05,176.18,34.12,1.61643943693949,6.6078692246566
12/03/2016,0.00,LU3,Desmodus rotundus,M,120426059,34.6,59.69,0,17.5,40.56,69.13,209.64,38.9,1.61908986834574,7.21813585193665
12/03/2016,0.00,LU3,Desmodus rotundus,M,120635128,31.4,55.57,0,15.58,39.02,57.99,177.82,36.52,1.73227983353953,7.50033966932854
12/03/2016,0.00,LU3,Gardnerycteris crenulatum,M,224156717,13.9,47.9,17,17.5,31.94,57.4,171.6,34.4,0.794632867132867,6.8960372960373
12/03/2016,0.00,LU3,Mesophylla macconnelli,M,233544894,7,31.35,0,12.5,20.44,50.2,88.4,23.2,0.776809954751131,6.08868778280543
12/03/2016,0.00,LU3,Platirrinus sp2.,M,20928652,15.5,42.94,0,13.5,23.08,61.78,153,30.8,0.993823529411765,6.2002614379085
12/03/2016,0.00,LU3,Tonatia saurophila,M,225759012,25.6,60.34,16.5,22,41.1,87.7,289.8,41.2,0.866583850931677,5.85728088336784
12/03/2016,0.00,LU3,Uroderma bilobatum,M,224844215,15.5,43.7,0,14.5,27.12,61.58,140.6,31,1.08147226173542,6.83499288762447
12/03/2016,0.00,LU3,Uroderma bilobatum,F,231553592,16.2,43,0,14,21,62.88,154.4,31.2,1.02928756476684,6.30466321243523
16/03/2016,0.00,LU1,Artibeus lituratus,M,240959506,61.8,72,0,18,42,86.64,359.8,48.4,1.68498610339077,6.51072818232351
16/03/2016,0.00,LU1,Artibeus lituratus,F,244026682,59.7,66.36,0,20,45.04,82.96,337.8,49.6,1.73373889875666,7.28288928359976
16/03/2016,0.00,LU1,Artibeus lituratus,F,10123159,58.3,76.56,0,19,44.34,84.29,429.4,53.4,1.33191197019096,6.64080111783885
16/03/2016,0.00,LU1,Artibeus planirostris,F,211038521,64.4,64.8,0,13,40.18,83.82,325.2,45.2,1.94269372693727,6.28241082410824
16/03/2016,0.00,LU1,Artibeus planirostris,M,212115385,50.2,67.56,0,19.5,40.92,81.42,336.6,47.6,1.46304812834225,6.73131313131313
16/03/2016,0.00,LU1,Artibeus planirostris,F,212638841,54.5,65.52,0,17.5,38.36,83.84,272.4,41.4,1.96272026431718,6.2920704845815
16/03/2016,0.00,LU1,Artibeus planirostris,M,213341186,54.6,86.26,0,17.5,39.9,88.66,308.2,44.8,1.73791693705386,6.51213497728748
16/03/2016,0.00,LU1,Artibeus planirostris,M,213933408,54.5,65.12,0,20,40.76,83.9,312,45.6,1.71360576923077,6.66461538461539
16/03/2016,0.00,LU1,Artibeus planirostris,M,214801344,50.7,62.6,0,15,36.46,82.24,284.4,43.2,1.74882911392405,6.5620253164557
16/03/2016,0.00,LU1,Artibeus planirostris,F,215418027,57.1,67.74,0,18.5,42.8,82.8,339,47.8,1.65236283185841,6.73994100294985
16/03/2016,0.00,LU1,Artibeus planirostris,M,220022980,48.08,60.96,0,16.5,30.94,76.92,271.6,41.8,1.73661561119293,6.43313696612666
16/03/2016,0.00,LU1,Artibeus planirostris,M,221036374,51.4,64.84,0,18.5,40.46,81.58,242,40,2.08361157024793,6.61157024793388
16/03/2016,0.00,LU1,Artibeus planirostris,M,221710819,43.7,63.02,0,18.5,40.42,80.22,310.24,45.22,1.38182374935534,6.59118231046931
16/03/2016,0.00,LU1,Artibeus planirostris,F,223226560,46.5,67.99,0,18,40.5,72.19,296.4,45.8,1.53901821862348,7.07705802968961
16/03/2016,0.00,LU1,Artibeus planirostris,M,224406609,53.4,68.28,0,20.5,39.78,88.94,351.8,49.2,1.48906765207504,6.88072768618533
16/03/2016,0.00,LU1,Artibeus planirostris,F,225603571,66.9,67.18,0,18.5,42.44,83.94,314.4,45,2.08743320610687,6.44083969465649
16/03/2016,0.00,LU1,Artibeus planirostris,F,230535343,56.6,65.56,0,19.5,37.52,88.39,298,45,1.86324161073826,6.79530201342282
16/03/2016,0.00,LU1,Artibeus planirostris,M,231303325,45.5,64.72,0,19,42.4,86.32,290.6,43.8,1.53597728836889,6.60165175498968
16/03/2016,0.00,LU1,Artibeus planirostris,M,232000016,49.5,64.29,0,17.5,36.16,80.59,307.4,46.4,1.57968445022772,7.00377358490566
16/03/2016,0.00,LU1,Artibeus planirostris,F,233151808,49.9,67.78,0,17.5,40.06,76.7,347.6,47.6,1.40828250863061,6.51829689298044
16/03/2016,0.00,LU1,Artibeus planirostris,M,234144572,60.1,62.5,0,17,36.29,90.06,281.8,42.08,2.0921965933286,6.28362810503903
16/03/2016,0.00,LU1,Artibeus planirostris,F,235341636,56.6,65.44,0,19.5,39.06,83.84,296.4,45,1.8732995951417,6.83198380566802
16/03/2016,0.00,LU1,Artibeus planirostris,F,240254768,54.3,64.62,0,17,38.96,79.19,299.2,45.8,1.78035762032086,7.01082887700535
16/03/2016,0.00,LU1,Artibeus planirostris,M,NA,54.9,66.2,0,19.5,41.4,85.52,NA,NA,NA,NA
16/03/2016,0.00,LU1,Artibeus planirostris,M,242639802,51.9,66.69,0,19.5,38.56,79.36,293.2,45,1.73649045020464,6.90654843110505
16/03/2016,0.00,LU1,Artibeus planirostris,M,244552847,53.5,67.36,0,17.5,39.84,87.06,342.6,49.6,1.5319176882662,7.18085230589609
16/03/2016,0.00,LU1,Artibeus planirostris,F,245409979,51.8,66.88,0,17,41,85.98,343.2,48,1.48064685314685,6.71328671328671
16/03/2016,0.00,LU1,Artibeus planirostris,M,10802525,49.3,65.82,0,16.5,38.94,81.59,327,44.8,1.479,6.1377370030581
16/03/2016,0.00,LU1,Artibeus planirostris,F,11352876,65.2,68.62,0,17.5,40.92,88.34,337.4,46.6,1.89570835803201,6.436158861885
16/03/2016,0.00,LU1,Artibeus planirostris,F,11908164,44.6,64.52,0,18.5,41.94,82.19,325.4,45.8,1.34457897971727,6.44634296250768
16/03/2016,0.00,LU1,Artibeus planirostris,F,12404170,47,69.76,0,19,43.3,83,343.8,47.8,1.34109947643979,6.64584060500291
16/03/2016,0.00,LU1,Artibeus planirostris,M,12836422,53.6,68.8,0,17,47.96,83.2,296.8,42.6,1.77161725067385,6.1144204851752
16/03/2016,0.00,LU1,Artibeus planirostris,M,13330524,49.3,64.9,0,17,34.72,80.24,294.2,43.8,1.64389191026513,6.52087015635622
16/03/2016,0.00,LU1,Artibeus planirostris,F,13952402,50.3,67.59,0,18.5,40.3,82.52,313.4,45,1.57448308870453,6.46139119336312
16/03/2016,0.00,LU1,Artibeus planirostris,M,14555715,52.25,65.06,0,17,37.24,79.82,321.2,45.4,1.59580479452055,6.41706102117061
16/03/2016,0.00,LU1,Artibeus planirostris,M,20203,52.9,64.64,0,18,37.46,82.42,NA,NA,NA,NA
16/03/2016,0.00,LU1,Carollia perspicillata,F,243403934,13.3,39.19,6,17.5,29.46,59,148.6,30.06,0.878014804845222,6.08077792732167
16/03/2016,0.00,LU1,Carollia perspicillata,F,222407439,14.3,44.69,5.5,17,32.62,55.56,172.6,32.6,0.812763615295481,6.15735805330243
16/03/2016,0.00,LU1,Platirrinus sp1.,NA,15131367,14.2,39.52,0,14,25.3,55.2,120.4,27.6,1.15699335548173,6.32691029900332
17/03/2016,0.00,LU5,Artibeus planirostris,F,211244081,48.4,66.88,0,18.5,40.42,82.54,331,47.4,1.43445317220544,6.78779456193353
17/03/2016,0.00,LU5,Artibeus planirostris,F,241950161,59.1,68.26,0,16.69,43.12,81.27,314.4,44.6,1.84405534351145,6.32684478371501
17/03/2016,0.00,LU5,Carollia castanea,M,201743777,12.5,34.53,7,12.5,27.82,60.52,121,28,1.01342975206612,6.47933884297521
17/03/2016,0.00,LU5,Carollia castanea,F,233220604,11.4,35.76,8,13.65,23.5,56.72,115,27.6,0.972469565217391,6.624
17/03/2016,0.00,LU5,Carollia castanea,M,242755603,12,33.68,7,15.37,24.84,62.35,117.4,27,1.00272572402044,6.20954003407155
17/03/2016,0.00,LU5,Carollia perspicillata,F,NA,18.7,42.48,9,19,30.56,69.3,NA,NA,NA,NA
17/03/2016,0.00,LU5,Carollia perspicillata,F,205037799,21.7,41.28,8,16,31.8,61.92,177.4,33.6,1.19998308906426,6.36392333709132
17/03/2016,0.00,LU5,Carollia perspicillata,F,210047394,18.4,44.88,7,17.5,29.06,68.94,182,33.6,0.99178021978022,6.20307692307692
17/03/2016,0.00,LU5,Carollia perspicillata,NA,233027414,16.4,41.42,16.4,14.5,30.08,71.28,153.8,30.6,1.04605981794538,6.08816644993498
17/03/2016,0.00,LU5,Carollia perspicillata,M,234137962,16.1,42.12,8,14,28.08,64.02,162,31.6,0.974944444444445,6.16395061728395
17/03/2016,0.00,LU5,Carollia perspicillata,M,235345955,13.1,41.54,7,15.5,30.32,63.54,132.4,28.4,0.970626888217523,6.09184290030211
17/03/2016,0.00,LU5,Carollia perspicillata,NA,235553639,18,42.02,8,17,27.9,69.49,160.8,31.2,1.09813432835821,6.05373134328358
17/03/2016,0.00,LU5,Carollia perspicillata,M,240418680,16.4,41.54,7,13.98,28.55,69.87,167.2,31,0.962224880382775,5.74760765550239
17/03/2016,0.00,LU5,Carollia perspicillata,M,240217433,17,42.2,6,16,29.2,65.16,158.4,32.2,1.05284090909091,6.54570707070707
17/03/2016,0.00,LU5,Carollia perspicillata,M,241329952,17.3,39.71,5,17.36,28.57,67.74,164,31.6,1.03483536585366,6.08878048780488
17/03/2016,0.00,LU5,Carollia perspicillata,F,241140060,19.5,41.08,6.5,15.5,32.44,65.7,163.4,31.6,1.17071603427173,6.11113831089351
17/03/2016,0.00,LU5,Carollia perspicillata,M,242053455,16.9,40.58,6.5,15.5,27.32,63.22,147.4,30,1.12475576662144,6.10583446404342
17/03/2016,0.00,LU5,Carollia perspicillata,F,243421464,17.9,43.06,10,19.56,39.83,74.09,156.6,32.2,1.12132183908046,6.62094508301405
17/03/2016,0.00,LU5,Phyllostomus elongatus,F,190616331,41,69.53,18.5,24,42.3,97.65,322.4,45.4,1.24754962779156,6.39317617866005
17/03/2016,0.00,LU5,Phyllostomus elongatus,M,234504036,42.6,65.62,22,23.51,42.16,94.34,276,39.4,1.51415217391304,5.62449275362319
17/03/2016,0.00,LU5,Phyllostomus hastatus,F,244017679,95.1,84.58,17,28,48.34,117.54,419.4,56.6,2.22444206008584,7.63843586075346
10/04/2016,0.00,LU2,Artibeus planirostris,F,211251910,68.7,62.98,0,16.5,40,84.14,328,47.4,2.05471646341463,6.84987804878049
10/04/2016,0.00,LU2,Artibeus planirostris,M,NA,50.4,66.49,0,18.5,42.08,81.95,NA,NA,NA,NA
10/04/2016,0.00,LU2,Artibeus planirostris,F,223248966,48.6,62.36,0,NA,37.5,82.11,282,44,1.69065957446809,6.86524822695036
10/04/2016,0.00,LU2,Artibeus planirostris,F,215514200,53.2,72.15,0,18.5,26.94,92,306.4,46.2,1.70330287206266,6.96618798955614
10/04/2016,0.00,LU2,Artibeus planirostris,M,221920793 - 230112383,41.6,64.56,0,19,35.16,79.84,336.4,47.4,1.2131272294887,6.67883472057075
10/04/2016,0.00,LU2,Artibeus planirostris,F,225519439,70.1,67.32,0,20,35.16,80.24,354.2,49.2,1.94150479954828,6.83410502540937
10/04/2016,0.00,LU2,Artibeus planirostris,M,241541645,47,61.42,0,15.5,35.48,79.42,291.2,45,1.58334478021978,6.95398351648352
10/04/2016,0.00,LU2,Carollia perspicillata,M,205058968,16,41.65,11.5,13.5,30.4,65.78,156.2,31.2,1.00486555697823,6.23201024327785
10/04/2016,0.00,LU2,Carollia perspicillata,F,210214200,15.9,43.95,8,17,30.89,64.6,170.8,32.4,0.913225995316159,6.14613583138173
10/04/2016,0.00,LU2,Carollia perspicillata,F,222400546,16.8,44.98,10.5,17.5,29.4,65.34,158.2,31.6,1.04176991150443,6.31201011378003
10/04/2016,0.00,LU2,Carollia perspicillata,M,231409466,15.7,44.76,6.5,17,31.62,59.42,179.8,32,0.856601779755284,5.69521690767519
10/04/2016,0.00,LU2,Carollia perspicillata,F,232943029,16.5,40.12,18.5,19,30.56,78,146.6,31.6,1.10412687585266,6.81145975443383
10/04/2016,0.00,LU2,Carollia perspicillata,F,241147651,15,41.48,7.5,17,30.58,64.98,160.6,32.2,0.916251556662516,6.4560398505604
12/04/2016,0.00,LU4,Artibeus lituratus,M,13719189,63.8,70.78,0,20,39.26,91.18,389.2,51,1.60811408016444,6.68293936279548
12/04/2016,0.00,LU4,Artibeus lituratus,M,141081272,68,71.38,0,21,40.56,92.54,429.2,54.8,1.5542404473439,6.99683131407269
12/04/2016,0.00,LU4,Artibeus planirostris,F,702,43,66.82,0,18,41.5,84.84,287.2,43.4,1.46876740947075,6.558356545961
12/04/2016,0.00,LU4,Artibeus planirostris,M,707,42.5,65.84,0,21.05,39.52,81.48,278.8,43.2,1.49542682926829,6.69383070301291
12/04/2016,0.00,LU4,Artibeus planirostris,F,712,52.8,64.5,0,19.5,39.4,83.64,288.8,42.6,1.79351800554017,6.28379501385042
12/04/2016,0.00,LU4,Artibeus planirostris,F,728,49.5,62.56,0,17,38.86,79.7,345.6,46,1.405078125,6.12268518518519
12/04/2016,0.00,LU4,Artibeus planirostris,F,729-730,59.4,65.84,0,18.5,39,85.46,325.6,43.2,1.78966216216216,5.73169533169533
12/04/2016,0.00,LU4,Artibeus planirostris,M,731,40.2,65.6,0,18.5,38.62,82.76,322.6,44.6,1.22244885306882,6.16602603843769
12/04/2016,0.00,LU4,Artibeus planirostris,F,732,50.9,65.32,0,21,38.62,90.1,318.4,43.2,1.56824434673367,5.86130653266332
12/04/2016,0.00,LU4,Artibeus planirostris,M,738,37.7,66.72,0,19.5,40.52,83.8,311.4,43.2,1.18765895953757,5.99306358381503
12/04/2016,0.00,LU4,Artibeus planirostris,F,740,41.5,64.52,0,18.5,39.16,67.62,304.2,44.6,1.33831360946746,6.53898750821828
12/04/2016,0.00,LU4,Artibeus planirostris,M,741,49.3,65.56,0,18.5,37.12,88.62,319.8,44.6,1.51229831144465,6.22001250781739
12/04/2016,0.00,LU4,Artibeus planirostris,M,742,47.9,64.3,0,20,41.5,84.5,297.8,42.6,1.57790127602418,6.09388851578241
12/04/2016,0.00,LU4,Artibeus planirostris,M,743,48.5,66.56,0,19,40.5,89.6,306.8,43,1.55079856584094,6.02672750977836
12/04/2016,0.00,LU4,Artibeus planirostris,F,744,51,64.5,0,17.5,37.14,88.06,326.2,44,1.53375229920294,5.93500919681177
12/04/2016,0.00,LU4,Artibeus planirostris,F,745,65.1,65.8,0,19.5,39.34,88.68,315.8,45.4,2.02226409119696,6.52678910702976
12/04/2016,0.00,LU4,Artibeus planirostris,F,746,57,56.22,0,20.5,40.46,84,280,40.4,1.99703571428571,5.82914285714286
12/04/2016,0.00,LU4,Artibeus planirostris,F,747,52.6,65.68,0,19.5,39.34,84.7,296.2,42.4,1.74208642808913,6.0694125590817
12/04/2016,0.00,LU4,Artibeus planirostris,F,11415744,52.9,68.42,0,20.5,39.38,84.62,325.2,45.2,1.59578413284133,6.28241082410824
12/04/2016,0.00,LU4,Artibeus planirostris,M,11707761,39.6,60.72,0,19.5,38.38,78.6,267.2,42,1.45387724550898,6.60179640718563
12/04/2016,0.00,LU4,Artibeus planirostris,M,NA,46.4,66.96,0,18.5,42.52,83.56,NA,NA,NA,NA
12/04/2016,0.00,LU4,Artibeus planirostris,F,11954540,55.7,67.26,0,22,42.7,89.6,366.4,47,1.49131277292576,6.02893013100437
12/04/2016,0.00,LU4,Artibeus planirostris,F,12618635,54.9,64.12,0,17.5,40.68,85,292.2,43.6,1.84315195071869,6.5056810403833
12/04/2016,0.00,LU4,Artibeus planirostris,F,12751100,60.4,64.04,0,18.5,41.94,93.88,307.2,45.6,1.9287890625,6.76875
12/04/2016,0.00,LU4,Artibeus planirostris,F,12949586,69.9,67.54,0,19.5,42.26,82.06,313.2,47,2.18939655172414,7.05300127713921
12/04/2016,0.00,LU4,Artibeus planirostris,F,13117985,48.4,63.28,0,18.5,33.68,83.04,328,47,1.44757317073171,6.73475609756098
12/04/2016,0.00,LU4,Artibeus planirostris,F,13304187,58.9,65.74,0,18.5,39.42,86.64,276.6,40.4,2.08896963123644,5.90079537237889
12/04/2016,0.00,LU4,Artibeus planirostris,F,13448479,52,66.88,0,18.5,40.92,89.12,332,48,1.53650602409639,6.93975903614458
12/04/2016,0.00,LU4,Artibeus planirostris,M,14439833,49.7,62.92,0,17.5,41,67.8,331,47.8,1.47298187311178,6.90283987915408
12/04/2016,0.00,LU4,Artibeus planirostris,F,14550967,54,66.86,0,18.5,41.08,89.9,337.8,48,1.56820603907638,6.82060390763766
12/04/2016,0.00,LU4,Artibeus planirostris,F,14706617,47.8,68.08,0,19.5,38.52,81.16,291,44.08,1.61140206185567,6.677135395189
12/04/2016,0.00,LU4,Artibeus planirostris,F,14848575,64.3,69.38,0,20.5,42.8,88.62,343,48.8,1.83901749271137,6.94297376093294
12/04/2016,0.00,LU4,Artibeus planirostris,F,15105324,60.3,67.4,0,20.5,41.26,94.74,341.4,47,1.73269771528998,6.47041593438782
12/04/2016,0.00,LU4,Artibeus planirostris,F,15213520,50.1,66.52,0,18.5,40.16,85.96,298.4,44.8,1.64705428954424,6.72600536193029
12/04/2016,0.00,LU4,Artibeus planirostris,M,15330767,47.1,66.28,0,19,39.56,86.8,323,44,1.43049845201238,5.9938080495356
12/04/2016,0.00,LU4,Artibeus planirostris,F,15502588,57.5,68.3,0,18,40.26,85.88,298.4,45.2,1.890331769437,6.84664879356569
12/04/2016,0.00,LU4,Carollia perspicillata,M,739,14.6,41.48,7,18,32.48,63.84,153.6,31.2,0.9324609375,6.3375
12/04/2016,0.00,LU4,Carollia perspicillata,M,12218331,16,42.2,11,18.5,31.32,61.18,166.6,32.2,0.942136854741897,6.22352941176471
12/04/2016,0.00,LU4,Carollia perspicillata,NA,NA,17.2,44.92,4,19,32.42,64.42,NA,NA,NA,NA
12/04/2016,0.00,LU4,Glossophaga soricina,F,697,8.9,37.48,7.5,13.5,24.46,58.36,93.2,25,0.936791845493562,6.70600858369099
12/04/2016,0.00,LU4,Phyllostomus discolor,F,733,35.3,60.16,12,21,36.36,96.42,247.4,40,1.39972918350849,6.46725949878739
12/04/2016,0.00,LU4,Sturnira lillium,NA,717-718,21.5,43.92,0,14,28.96,65.66,154.4,29.6,1.36602979274611,5.67461139896373
12/04/2016,0.00,LU4,Sturnira lillium,F,723,17.4,41.76,0,12.5,21.52,59.42,131.8,29.8,1.29509863429439,6.73778452200304
12/04/2016,0.00,LU4,Sturnira lillium,-,12434595,20.6,42.02,0,15,21.72,57.66,179,34.2,1.12897206703911,6.53430167597765
12/04/2016,0.00,LU4,Sturnira lillium,F,14308032,22.6,49.66,0,13,20.3,64.42,139.2,29,1.59271551724138,6.04166666666667
14/04/2016,1.00,LU1,Artibeus planirostris,M,205819039,53.4,68.28,0,20.5,39.78,88.94,385.8,52.4,1.35783825816485,7.117055469155
14/04/2016,0.00,LU1,Artibeus planirostris,M,211419225,46.7,63.08,0,20,40.32,75.1,312.4,47.2,1.46647567221511,7.13137003841229
14/04/2016,0.00,LU1,Artibeus planirostris,F,213251503,52,65.56,0,18.5,42.34,86.88,321,48.4,1.58915887850467,7.29769470404984
14/04/2016,0.00,LU1,Artibeus planirostris,M,213910569,49.9,62.78,0,19,37.38,85.06,327.8,46.2,1.49334655277608,6.51140939597315
14/04/2016,0.00,LU1,Artibeus planirostris,F,214658812,52.2,69.9,0,17.5,40.94,88.3,332,48,1.5424156626506,6.93975903614458
14/04/2016,0.00,LU1,Artibeus planirostris,M,215602944,51.9,63.14,0,18,39.58,91.46,318.6,47.8,1.59805084745763,7.17150031387319
14/04/2016,0.00,LU1,Artibeus planirostris,F,220143260,53.7,66.7,0,18.5,40.1,86.3,346.2,49.2,1.52165511265165,6.99202772963605
14/04/2016,0.00,LU1,Artibeus planirostris,F,220856068,51,64.8,0,19,39.4,85.62,335.2,48.2,1.49257159904535,6.93090692124105
14/04/2016,0.00,LU1,Artibeus planirostris,M,221601573,51.5,74.04,0,19,33.56,84.78,287.2,45.2,1.75910515320334,7.11364902506964
14/04/2016,0.00,LU1,Artibeus planirostris,F,222355934,51.8,64.7,0,18.5,41.36,78.14,339.4,48.2,1.49722451384797,6.84513847967001
14/04/2016,0.00,LU1,Artibeus planirostris,F,223049551,54.8,67.74,0,19,40.98,89.22,398,50.2,1.35072361809045,6.33175879396985
14/04/2016,0.00,LU1,Artibeus planirostris,M,223649098,44.5,62.67,0,18,40.42,80.7,330.4,46.2,1.32126210653753,6.46016949152542
14/04/2016,1.00,LU1,Artibeus planirostris,F,224539654,60.2,70.84,0,19.5,40.52,92.86,355.2,47.8,1.66261824324324,6.43254504504504
14/04/2016,0.00,LU1,Artibeus planirostris,F,225229835,59.3,79.48,0,19.5,41.56,92.92,394.4,51.4,1.4749822515213,6.69868154158215
14/04/2016,0.00,LU1,Artibeus planirostris,M,230102127,56.7,69.48,0,19,43.9,87.5,385.8,53.6,1.44174961119751,7.44675997926387
14/04/2016,0.00,LU1,Artibeus planirostris,F,231741435,55.6,56.1,0,18.5,40.26,83.96,360,50.2,1.5151,7.00011111111111
14/04/2016,0.00,LU1,Carollia perspicillata,M,210618073,15.2,40.94,17,18.5,29.48,74.32,159.6,31.4,0.934285714285714,6.17769423558897
14/04/2016,0.00,LU1,Carollia perspicillata,F,212546234,19,41.2,5.5,17,31.56,62.42,149.6,30.8,1.24592245989305,6.34117647058824
18/04/2016,0.00,LU5,Artibeus planirostris,M,2721363,56.9,70.12,0,17.5,41.04,92.4,359.6,49.4,1.55224972191324,6.78631813125695
18/04/2016,0.00,LU5,Artibeus planirostris,M,204243813,57.5,67.8,0,19,39.9,89.82,344.4,47.8,1.63784843205575,6.634262485482
18/04/2016,0.00,LU5,Artibeus planirostris,F,213708480,55.4,66.6,0,16.5,41.28,88.76,326,47.2,1.6670981595092,6.83386503067485
18/04/2016,0.00,LU5,Carollia castanea,M,210730548,12.2,36.44,8.5,19,26.86,64.86,122,28,0.981,6.42622950819672
18/04/2016,0.00,LU5,Carollia perspicillata,F,201900456,20.1,42.34,9.5,15.5,30.7,66.6,166.4,33,1.18498197115385,6.54447115384615
18/04/2016,0.00,LU5,Carollia perspicillata,F,205432882,18.8,42.36,8.5,16.5,29.68,67.84,173.6,33.4,1.0623732718894,6.42603686635945
18/04/2016,0.00,LU5,Carollia perspicillata,M,211725258,16,42.86,8.5,17,32.01,66.14,155.6,30.6,1.00874035989717,6.01773778920309
18/04/2016,0.00,LU5,Carollia perspicillata,F,234645022,15.7,42.06,8.5,14.5,30.16,66.12,161.4,32.1,0.954256505576208,6.38420074349442
18/04/2016,0.00,LU5,Carollia perspicillata,NA,214810337,NA,37.38,9,13.5,26.92,62.68,130.8,29.2,NA,6.51865443425076
18/04/2016,0.00,LU5,Desmodus rotundus,M,120442634,28.3,33.06,0,18.5,40.74,73.06,193.2,35.2,1.43697204968944,6.41325051759835
18/04/2016,0.00,LU5,Micronycteris sp.,NA,NA,NA,NA,NA,NA,NA,NA,NA,NA,NA,NA
18/04/2016,0.00,LU5,Phyllostomus discolor,M,203115597,40.1,64.86,13.5,19.5,39.1,96.11,297.4,45.8,1.32273369199731,7.053261600538
18/04/2016,0.00,LU5,Phyllostomus elongatus,M,195558455,44.9,66.58,18.5,25.3,43.04,101.62,285.8,43.2,1.54117914625612,6.52988103568929
20/04/2016,0.00,LU3,Artibeus planirostris,F,190201166,56.3,66.54,0,18,38.6,96.14,350.8,48.6,1.57440992018244,6.73306727480046
20/04/2016,0.00,LU3,Artibeus planirostris,M,204741869,55.1,54.16,0,18.5,40.16,83.84,350.2,49,1.54349229011993,6.85608223872073
20/04/2016,0.00,LU3,Artibeus planirostris,M,210408351,52.4,66.94,0,18,39.36,87,345.2,47.6,1.48911935110081,6.56361529548088
20/04/2016,0.00,LU3,Carollia castanea,F,191228629,9.6,36,8.5,14,26.02,56.36,118.8,27.2,0.792727272727273,6.22760942760943
20/04/2016,0.00,LU3,Carollia perspicillata,F,192350810,19,42.36,9.5,18.5,31.8,71.26,149.2,32,1.24926273458445,6.86327077747989
20/04/2016,0.00,LU3,Carollia perspicillata,F,194158603,18.2,42.74,6,15.5,32.5,66.66,165.2,33.2,1.08076271186441,6.67215496368039
20/04/2016,0.00,LU3,Carollia perspicillata,M,200248925,19.3,42.68,7.5,16.5,28.04,66.34,157.4,31.2,1.20287801778907,6.18449809402795
20/04/2016,0.00,LU3,Carollia perspicillata,M,205605826,17.4,42.76,8,16,30.5,55.52,164.6,32.4,1.03702308626974,6.37764277035237
20/04/2016,1.00,LU3,Carollia perspicillata,F,NA,19.2,44.8,9,17.5,30.2,70.04,NA,NA,NA,NA
20/04/2016,0.00,LU3,Carollia perspicillata,M,225154517,16.4,42.98,8.5,17,30.86,65.8,170.6,34.2,0.943048065650645,6.85603751465416
20/04/2016,0.00,LU3,Phyllostomus elongatus,M,184346181,49.2,70.48,12,26,44.16,93.06,355.6,48.6,1.35728908886389,6.6421822272216
20/04/2016,0.00,LU3,Phyllostomus elongatus,F,193358526,55.1,72.38,16.5,25.5,45.58,100,361.2,49.4,1.49648671096346,6.7562569213732
20/04/2016,0.00,LU3,Uroderma sp.,M,220829231,10.6,40.28,0,14,25.34,46.38,121.4,29.8,0.856556836902801,7.31499176276771
27/06/2016,0.00,LU4,Artibeus planirostris,F,205558989,54.2,61.56,0,17,36.82,86.2,254.2,41,2.0916679779701,6.61290322580645
27/06/2016,0.00,LU4,Artibeus planirostris,M,214104872,41.4,62.36,0,19,36.12,78.58,293.2,45,1.38517735334243,6.90654843110505
27/06/2016,0.00,LU4,Artibeus planirostris,M,223104833,43,60.02,0,17.5,36.66,82.96,273.2,42.2,1.5440336749634,6.51844802342606
27/06/2016,0.00,LU4,Artibeus planirostris,M,232124074,50.7,65.72,0,18,38.98,83.3,305.6,45.6,1.62750981675393,6.80418848167539
27/06/2016,0.00,LU4,Artibeus planirostris,F,240544083,45.2,62.04,0,NA,38.16,86.08,298.4,44.8,1.48596514745308,6.72600536193029
27/06/2016,0.00,LU4,Artibeus planirostris,F,241020518,49.3,66.18,0,18,40.48,87.7,316.2,45.6,1.52951612903226,6.57609108159393
27/06/2016,0.00,LU4,Artibeus planirostris,M,241523836,49.6,65.24,0,19,39.04,80.2,339.4,47,1.43363582793164,6.50854449027696
27/06/2016,0.00,LU4,Artibeus planirostris,M,242656546,44.5,64.76,0,17,38.1,83.56,302,44.6,1.44551324503311,6.58662251655629
27/06/2016,0.00,LU4,Artibeus planirostris,F,244036402,58.4,68.86,0,18,41.08,83.16,310.8,46.4,1.84332046332046,6.92715572715573
27/06/2016,0.00,LU4,Carollia perspicillata,F,211542911,18.7,45.38,8,18,34.32,70.38,180,33.2,1.01915,6.12355555555556
27/06/2016,0.00,LU4,Carollia perspicillata,F,212832365,16.9,41.6,7,17,29.3,67.36,140.6,28.6,1.17915362731152,5.8176386913229
27/06/2016,0.00,LU4,Carollia perspicillata,F,214718600,16.1,43.4,9,18,31.56,68.76,156.4,31,1.00985294117647,6.14450127877238
27/06/2016,0.00,LU4,Carollia perspicillata,F,233715539,17.2,41.42,7,17,31.54,63.34,162.4,30.1,1.03899014778325,5.57887931034483
27/06/2016,0.00,LU4,Carollia perspicillata,F,234327977,16.4,41.94,8,15.5,29.6,66.2,163.2,31.6,0.985808823529412,6.11862745098039
27/06/2016,0.00,LU4,Carollia perspicillata,M,235008300,16.5,42.66,6.5,16,30.76,65.02,155.8,32,1.03892811296534,6.57252888318357
27/06/2016,0.00,LU4,Carollia perspicillata,F,244801382,16.1,41.96,4.5,16,29.16,60.62,144.6,30.6,1.09226141078838,6.47551867219917
27/06/2016,0.00,LU4,Gardnerycteris crenulatum,M,203253997,13.5,50.5,19.5,24,32.02,75.72,209.6,36.6,0.631846374045802,6.39103053435115
27/06/2016,0.00,LU4,Gardnerycteris crenulatum,F,204349179,12.2,49.78,22,21,31.16,80.52,170.8,33.6,0.700714285714286,6.60983606557377
27/06/2016,0.00,LU4,Phyllostomus discolor,M,215524345,41,66.54,11.5,18,39.82,94.86,249,43.2,1.61530120481928,7.49493975903615
27/06/2016,0.00,LU4,Phyllostomus discolor,F,240015399,33.2,61.58,11,18.5,34.92,80.92,230,40.6,1.41605217391304,7.16678260869565
27/06/2016,0.00,LU4,Phyllostomus elongatus,M,225936243,43,66.7,17,26,42.44,98.42,298.8,44.4,1.41174698795181,6.59759036144578
27/06/2016,0.00,LU4,Phyllostomus hastatus,M,210546955,91.2,86.22,16,28,53.38,119.08,418.6,51.4,2.13729574773053,6.31141901576684
27/06/2016,0.00,LU4,Phyllostomus hastatus,M,222548753,83.5,84.96,14,26,49.14,116.38,456.8,56.8,1.7932027145359,7.06269702276707
27/06/2016,0.00,LU4,Sturnira lillium,F,231114031,18.9,42.14,0,18.5,27.78,58.14,149.6,31.4,1.23936497326203,6.59064171122995
27/06/2016,0.00,LU4,Sturnira lillium,M,242014480,19.3,40.34,0,14.5,25.64,60.36,136.2,29.8,1.39011013215859,6.5201174743025
27/06/2016,0.00,LU4,Tonatia saurophila,M,233027618,28.3,54.18,12,26.5,41.46,72.06,254,37.8,1.09300393700787,5.62535433070866
28/06/2016,0.00,LU2 ,Artibeus planirostris,M,221608798,52.2,61.46,0,20.5,37.56,81.64,320,46.4,1.60025625,6.728
28/06/2016,0.00,LU2 ,Artibeus planirostris,F,221608798,47.3,64.62,0,19,40.28,84.86,300,44.8,1.54671,6.69013333333333
28/06/2016,0.00,LU2 ,Artibeus planirostris,M,222815787,47.1,65.1,0,18,38.66,89.5,298.4,45.6,1.54842828418231,6.96836461126005
28/06/2016,0.00,LU2 ,Artibeus planirostris,F,225459950,60.4,67.28,0,17.5,39.78,86.94,332.2,47.8,1.78363636363636,6.87790487658037
28/06/2016,0.00,LU2 ,Artibeus planirostris,M,231126314,42.2,62.52,0,17.5,36.4,80.24,274.4,43.4,1.50868075801749,6.86428571428572
28/06/2016,0.00,LU2 ,Artibeus planirostris,F,232057763,61.3,68.1,0,19.5,39.22,86.38,301.2,46,1.99652390438247,7.02523240371846
28/06/2016,0.00,LU2 ,Artibeus planirostris,F,282622815,48.7,68.08,0,18,40.08,90.08,312.6,45.4,1.52830134357006,6.59360204734485
28/06/2016,0.00,LU2 ,Artibeus planirostris,F,233323729,39.2,63.96,0,17,37.96,82.3,286.4,44.8,1.3427094972067,7.00782122905028
28/06/2016,0.00,LU2 ,Artibeus planirostris,F,233919565,42.4,62.3,0,17.5,39.1,81.5,293.8,43.6,1.4157385976855,6.47025187202178
28/06/2016,0.00,LU2 ,Artibeus planirostris,F,235356815,45.6,63.4,0,18.5,37.22,82.74,297,44.8,1.50618181818182,6.75771043771044
28/06/2016,0.00,LU2 ,Artibeus planirostris,F,240130927,49,66.24,0,18,36.1,82.7,295.2,43.8,1.62835365853659,6.49878048780488
28/06/2016,0.00,LU2 ,Artibeus planirostris,M,240735650,52.2,68.22,0,19,41.06,91.92,367.8,47.4,1.39228384991843,6.10864600326264
28/06/2016,0.00,LU2 ,Artibeus planirostris,F,242225076,51.9,64.34,0,16.5,38.16,89.1,304.2,42.6,1.67369822485207,5.96568047337278
28/06/2016,0.00,LU2 ,Artibeus planirostris,F,242803014,54.3,65.54,0,17,39.2,86.84,322.6,45.6,1.65121822690639,6.44562926224427
28/06/2016,0.00,LU2 ,Artibeus planirostris,M,244244992,44.5,64.32,0,19,39.08,81.1,285.4,44.4,1.52959004905396,6.90735809390329
28/06/2016,0.00,LU2 ,Carollia perspicillata,F,215807673,16,42.02,6.5,20,31.14,67.08,151.4,31,1.03672391017173,6.34742404227213
28/06/2016,0.00,LU2 ,Carollia perspicillata,F,220802494,15.2,41.6,8,17.18,30.66,66.44,155.2,29,0.960773195876289,5.41881443298969
28/06/2016,0.00,LU2 ,Carollia perspicillata,F,223823551,15.5,42.24,10.5,10.5,30.46,70.52,145.6,29.8,1.04433379120879,6.09917582417583
28/06/2016,0.00,LU2 ,Carollia perspicillata,F,234717257,16.9,43.98,8,18,31.94,67.4,169,32,0.981,6.05917159763314
28/06/2016,0.00,LU2 ,Carollia perspicillata,F,241630031,17.4,42,6.5,18.5,29.6,65.34,173.4,32.1,0.98439446366782,5.9423875432526
28/06/2016,0.00,LU2 ,Carollia perspicillata,M,243510383,15.2,41.78,6.5,15.5,30.86,64.56,151.6,29.6,0.983588390501319,5.77941952506596
28/06/2016,0.00,LU2 ,Carollia perspicillata,F,244914916,16.6,43.64,9.5,16,30.4,66.58,160.4,31.6,1.0152493765586,6.22543640897756
28/06/2016,0.00,LU2 ,Phyllostomus discolor,M,224704462,36,64.94,10,19.5,37.92,78.22,273.6,43,1.29078947368421,6.75804093567251
28/06/2016,0.00,LU2 ,Sturnira lillium,M,230510131,20.1,42.72,0,14,28.2,61.32,156,31,1.26398076923077,6.16025641025641
29/06/2016,0.00,LU5,Artibeus planirostris,F,232303623,40.5,66.68,0,NA,43.24,76.84,275.8,44.6,1.44055474981871,7.21232777374909
29/06/2016,0.00,LU5,Artibeus planirostris,M,235309223,48.9,64.4,0,11,37.12,78.26,279.8,45.4,1.71447105075054,7.36654753395282
29/06/2016,0.00,LU5,Artibeus planirostris,M,243843503,42.9,64.9,0,NA,38.48,64.9,328.6,46.8,1.2807334144857,6.66536822884966
29/06/2016,0.00,LU5,Artibeus planirostris,F,244329351,56.1,65.48,0,17.5,39.84,90.38,287.2,44.4,1.9162291086351,6.86406685236769
29/06/2016,0.00,LU5,Carollia perspicillata,F,190513270,18.1,45.38,5.5,16,32.22,60.42,166,33.6,1.06964457831325,6.80096385542169
29/06/2016,0.00,LU5,Carollia perspicillata,F,194052354,19.2,43.9,9,16,32.78,69.1,159.4,33.2,1.18163111668758,6.91493099121707
29/06/2016,0.00,LU5,Carollia perspicillata,M,194624027,17.5,43.82,7,18,32.06,64.28,161,32.2,1.06630434782609,6.44
29/06/2016,0.00,LU5,Carollia perspicillata,F,201155260,16.5,42.04,7,16.5,30.46,65.72,158.8,32.6,1.01930100755668,6.69244332493703
29/06/2016,0.00,LU5,Carollia perspicillata,M,201735975,17.7,41.12,7,16.5,29.6,63.02,149.2,30.2,1.16378686327078,6.11286863270778
29/06/2016,0.00,LU5,Carollia perspicillata,M,204348948,16.8,41.4,7.5,17,29.1,64.46,136.6,29.8,1.20650073206442,6.50102489019034
29/06/2016,0.00,LU5,Carollia perspicillata,F,204930277,17.7,44.5,7,17,30.66,68.46,162,31.2,1.07183333333333,6.00888888888889
29/06/2016,0.00,LU5,Carollia perspicillata,M,205557677,17.03,42.04,6.5,17,30.36,64.64,153.8,31.6,1.08624382314694,6.4925877763329
29/06/2016,0.00,LU5,Carollia perspicillata,M,223113742,19.9,42.6,7.5,16.5,30.14,65.42,166.6,32,1.17178271308523,6.14645858343337
29/06/2016,0.00,LU5,Carollia perspicillata,F,223717531,17.9,42.42,7,15,29.46,63.66,159.2,31.8,1.10300879396985,6.35201005025126
29/06/2016,0.00,LU5,Carollia perspicillata,F,224356014,17.2,42.56,8,16.5,30.4,64.86,156,31.2,1.08161538461538,6.24
29/06/2016,0.00,LU5,Carollia perspicillata,M,224331330,18.4,43.42,9,18,32.92,69.12,174,33.6,1.03737931034483,6.48827586206897
29/06/2016,0.00,LU5,Carollia perspicillata,F,225428091,16.8,43.92,7,16,30.2,66.4,166.8,32.2,0.988057553956835,6.21606714628297
29/06/2016,0.00,LU5,Carollia perspicillata,F,225955933,16.6,41.52,5.5,16.5,28.74,56.7,151.2,30.6,1.07702380952381,6.19285714285714
29/06/2016,0.00,LU5,Carollia perspicillata,F,230546196,21.8,42.32,5.5,16.5,29.16,60.86,139.8,30.8,1.52974248927039,6.78569384835479
29/06/2016,0.00,LU5,Carollia perspicillata,F,231158876,16.4,42.18,6,17.5,29.84,63.12,168.4,32.4,0.955368171021378,6.23372921615202
29/06/2016,0.00,LU5,Carollia perspicillata,F,231704284,15.9,41.5,9,15.5,31.62,65.08,163.8,32.6,0.952252747252747,6.48815628815629
29/06/2016,0.00,LU5,Carollia perspicillata,F,232755045,17.9,42.84,9,16,30.4,67.1,148,32,1.18647972972973,6.91891891891892
29/06/2016,0.00,LU5,Carollia perspicillata,F,2338350985,16.1,42.46,7,16,30.4,66.26,155.2,31.8,1.01766108247423,6.51572164948454
29/06/2016,1.00,LU5,Carollia perspicillata,F,NA,NA,NA,NA,NA,NA,NA,NA,NA,NA,NA
29/06/2016,0.00,LU5,Carollia perspicillata,F,234618338,17.9,43.86,9,17.5,31.5,60.08,183.2,34,0.958509825327511,6.31004366812227
29/06/2016,0.00,LU5,Carollia perspicillata,F,235812863,19.5,43.52,8,16,28.44,67.78,164.6,32.4,1.16218104495747,6.37764277035237
29/06/2016,0.00,LU5,Carollia perspicillata,F,240125835,18.9,42.52,8,17.5,30.2,64.8,140,30,1.32435,6.42857142857143
29/06/2016,0.00,LU5,Carollia perspicillata,M,240556680,15.6,40.1,6,15.5,28.92,61.4,144.8,29.8,1.05687845303867,6.1328729281768
29/06/2016,0.00,LU5,Carollia perspicillata,F,241011753,16.4,42.2,6.5,16.5,30.54,66.32,157,33.4,1.02473885350318,7.10547770700637
29/06/2016,0.00,LU5,Carollia perspicillata,M,241439507,12.2,40.1,4.5,17.5,27.82,55.56,124.4,29,0.962073954983923,6.7604501607717
29/06/2016,0.00,LU5,Carollia perspicillata,F,241857139,17.1,42.54,5,15.5,31.08,59.74,157,31.6,1.06847770700637,6.36025477707006
29/06/2016,0.00,LU5,Carollia perspicillata,F,242238508,18.9,43.06,9,18,29.9,67.38,184.4,33.8,1.00547180043384,6.19544468546638
29/06/2016,0.00,LU5,Carollia perspicillata,F,242806794,16.3,43.8,8,16,30.92,68.24,172.2,32.8,0.928588850174216,6.24761904761905
29/06/2016,0.00,LU5,Carollia perspicillata,M,243200679,18.7,41.64,5,16.5,29.02,65.09,150.6,29.8,1.21810756972112,5.89667994687915
29/06/2016,0.00,LU5,Carollia perspicillata,M,243717781,18.1,43.2,5.5,NA,30.06,65.68,177.4,33.4,1.0009075535513,6.28838782412627
29/06/2016,0.00,LU5,Carollia perspicillata,M,244756135,15.2,40.04,7,16,21.64,64.3,131.2,29.2,1.1365243902439,6.49878048780488
29/06/2016,0.00,LU5,Carollia perspicillata,M,245225798,16.1,43.94,7.5,15,29.66,65.52,155.6,31.8,1.01504498714653,6.49897172236504
29/06/2016,0.00,LU5,Carollia perspicillata,F,125302,16.3,40.18,7.5,15,28.22,66.64,146.6,29.6,1.09074351978172,5.97653478854025
29/06/2016,0.00,LU5,Desmodus rotundus,M,112513742,30.8,59.02,0,17.56,43.46,76.64,188,37,1.60717021276596,7.28191489361702
29/06/2016,0.00,LU5,Mesophylla macconnelli,F,212618997,7.8,32.92,0,12.5,18.6,46.7,86.2,23.2,0.887679814385151,6.24408352668213
29/06/2016,0.00,LU5,Phyllostomus elongatus,M,191200386,42.7,68.18,17.5,24.5,43.7,99.92,313.4,44.2,1.336589023612,6.23369495851947
29/06/2016,0.00,LU5,Uroderma bilobatum,M,245753549,16.7,43.62,0,14,25.78,62.96,141,31,1.16189361702128,6.81560283687943
30/06/2016,0.00,LU3,Artibeus planirostris,F,193012185,53.3,66.9,0,17.5,41.46,85.58,316.6,47,1.65152558433354,6.9772583701832
30/06/2016,0.00,LU3,Artibeus planirostris,M,2841592,51.7,65.38,0,16.5,38.56,85.84,300.2,45.6,1.68946369087275,6.92658227848101
30/06/2016,0.00,LU3,Artibeus planirostris,M,221254702,51.8,65.6,0,18,41.38,83.92,328.6,45.2,1.54643335362142,6.21740718198418
30/06/2016,0.00,LU3,Artibeus planirostris,M,221844376,47.5,60.58,0,16,37.82,77.2,274.8,43.6,1.69568777292576,6.91761280931587
30/06/2016,0.00,LU3,Artibeus planirostris,M,222358994,46,63.4,0,19.5,39.82,82.64,293,44,1.54013651877133,6.60750853242321
30/06/2016,0.00,LU3,Artibeus planirostris,M,223655544,53.5,67.12,0,18.5,41.82,84.36,352.6,50.4,1.48847135564379,7.20408394781622
30/06/2016,0.00,LU3,Artibeus planirostris,M,224819348,51,64.14,0,18,40.5,90.28,328.2,46.2,1.52440585009141,6.50347349177331
30/06/2016,0.00,LU3,Artibeus planirostris,F,230416840,56.6,68.58,0,18.5,40.52,87.34,308.6,46.4,1.79924173687622,6.97653920933247
30/06/2016,0.00,LU3,Artibeus planirostris,M,230829288,50.2,64.74,0,16.5,39.46,86.56,306.12,46.6,1.60872206977656,7.093819417222
30/06/2016,0.00,LU3,Carollia castanea,F,20010382,16,36.42,8,13,25.48,63.16,130.6,29.2,1.20183767228178,6.52863705972435
30/06/2016,0.00,LU3,Carollia perspicillata,M,201601822,12.6,40.96,6.5,25.5,29.98,59.58,135.8,29.4,0.91020618556701,6.36494845360825
30/06/2016,0.00,LU3,Carollia perspicillata,M,223032246,16.5,42.2,7.5,17,30.54,67.86,150.44,31.2,1.07594389789949,6.47061951608615
30/06/2016,0.00,LU3,Carollia perspicillata,M,225338588,42.64,32.48,9.5,16.5,32.48,68.28,164,31.4,2.5506,6.0119512195122
30/06/2016,1.00,LU3,Carollia perspicillata,M,NA,NA,NA,NA,NA,NA,NA,NA,NA,NA,NA
30/06/2016,0.00,LU3,Desmodus rotundus,M,111206649,30.5,60.18,0,15.9,41.5,79.38,186,37.8,1.60862903225806,7.68193548387097
30/06/2016,0.00,LU3,Desmodus rotundus,M,121337518,27.6,59.4,0,NA,41.92,75.76,221.6,38,1.22182310469314,6.51624548736462
30/06/2016,0.00,LU3,Desmodus rotundus,NA,NA,NA,NA,NA,NA,NA,NA,NA,NA,NA,NA
30/06/2016,0.00,LU3,Desmodus rotundus,NA,122054852,37.3,60.82,0,17.64,43.18,80.85,208.8,36.4,1.75245689655172,6.3455938697318
30/06/2016,0.00,LU3,Gardnerycteris crenulatum,M,184219398,14.1,50.66,17,24.5,33.96,77.18,184.2,36.2,0.750928338762215,7.114223669924
30/06/2016,0.00,LU3,Micronycteris sp.,F,124453345,6.4,38.68,12,20.34,28.32,56.9,83,22,0.756433734939759,5.83132530120482
30/06/2016,0.00,LU3,Phyllostomus elongatus,F,204043692,43.4,68.16,17,24,41.74,100.64,324.2,47,1.31324491054904,6.81369524984577
30/06/2016,0.00,LU3,Phyllostomus elongatus,F,204610576,43,69.52,16,21.5,42.06,97.66,297.2,44.8,1.41934724091521,6.75316285329744
30/06/2016,0.00,LU3,Sturnira lillium,F,193603199,18.8,42.32,0,14,28.44,59.08,138.4,31.2,1.33257225433526,7.03352601156069
30/06/2016,0.00,LU3,Sturnira lillium,F,224227548,17.8,43.24,0,12.5,28.34,60.28,161.8,32.2,1.07922126081582,6.40815822002472
30/06/2016,0.00,LU3,Sturnira lillium,F,225903997,24.4,42.76,0,14.5,27.3,67.64,149.4,30,1.6021686746988,6.02409638554217
01/07/2016,0.00,LU1,Anoura sp,F,112214004,12.5,40.26,0,11.16,25.24,62.84,140.6,30.8,0.872155049786629,6.7470839260313
01/07/2016,0.00,LU1,Artibeus planirostris,F,193322308,57.7,63.9,0,17.54,40.62,88.08,329.6,47.4,1.71734526699029,6.81662621359223
01/07/2016,0.00,LU1,Artibeus planirostris,M,194634682,53.4,67.3,0,18.42,40.96,84.22,327,47.8,1.602,6.98727828746177
01/07/2016,0.00,LU1,Artibeus planirostris,F,210142925,50.7,62.7,0,15.48,36.88,86.76,294.8,45.2,1.68713364993216,6.93025780189959
01/07/2016,0.00,LU1,Artibeus planirostris,M,NA,48.3,65.4,0,14.16,41.7,83.02,NA,NA,NA,NA
01/07/2016,0.00,LU1,Artibeus planirostris,F,222216923,59.9,67.26,0,17.18,38.78,86.62,362.6,49.2,1.62057087699945,6.67578599007171
01/07/2016,0.00,LU1,Artibeus planirostris,M,225032888,45.6,60.24,0,15.9,35.34,85.7,293.4,43.2,1.52466257668712,6.36073619631902
01/07/2016,0.00,LU1,Artibeus planirostris,F,225604952,54.5,67.36,0,13.98,40.52,87.46,327.8,47.6,1.63100976205003,6.91201952410006
01/07/2016,0.00,LU1,Carollia perspicillata,F,195255335,14.3,41.02,5.5,13.72,30.26,62.42,138.8,30.2,1.01068443804035,6.57089337175792
01/07/2016,0.00,LU1,Carollia perspicillata,F,2000520041,17.9,40.22,9.5,15.3,27.18,67.9,145.4,30.2,1.20769601100413,6.2726272352132
01/07/2016,0.00,LU1,Carollia perspicillata,F,202259656,15,40.9,6,15.28,29.4,62.76,149.8,29.4,0.982309746328438,5.77009345794392
01/07/2016,0.00,LU1,Glossophaga soricina,M,110406749,8.5,30.82,6,10.92,23.28,61.94,95.6,24.8,0.872228033472803,6.43347280334728
01/07/2016,0.00,LU1,Phyllostomus discolor,M,221532562,37,65.92,14,16.94,31.98,96.86,267.2,44.2,1.35842065868263,7.31152694610779
01/07/2016,0.00,LU1,Uroderma bilobatum,NA,NA,NA,NA,NA,NA,NA,NA,NA,NA,NA,NA
03/07/2016,0.00,LU4,Artibeus lituratus,F,203505470,45.7,66.7,0,16.26,41.56,87.68,328.4,47.4,1.36515529841657,6.8415347137637
03/07/2016,0.00,LU4,Artibeus lituratus,M,244339359,54.3,71.4,0,18,42.3,92.26,348.4,49.6,1.52894087256028,7.06130884041332
03/07/2016,0.00,LU4,Artibeus planirostris,F,195147731,52.1,66.98,0,18.58,40.26,87.34,351.4,48,1.45447068867388,6.55663062037564
03/07/2016,0.00,LU4,Artibeus planirostris,F,195751300,52,67.64,0,16.36,38.82,86.34,323.8,45.8,1.57541692402718,6.47819641754169
03/07/2016,0.00,LU4,Artibeus planirostris,F,200245371,37.9,64.34,0,14.2,40.98,80.92,292.4,43,1.27154240766074,6.32352941176471
03/07/2016,0.00,LU4,Artibeus planirostris,M,204105275,45.5,67.34,0,18.04,35.48,82.18,294.6,44.2,1.51512219959267,6.63150033944331
03/07/2016,0.00,LU4,Artibeus planirostris,F,204819752,44,64.88,0,15.4,38.22,76.12,302.8,46.2,1.42549537648613,7.04900924702774
03/07/2016,0.00,LU4,Artibeus planirostris,F,223657216,47.7,68.18,0,15,41.18,82.18,354.8,48.6,1.31887542277339,6.65715896279594
03/07/2016,0.00,LU4,Artibeus planirostris,F,224206962,50.7,64.56,0,15.88,39.16,87.48,337,46.4,1.47586646884273,6.38860534124629
03/07/2016,0.00,LU4,Artibeus planirostris,M,224702014,41.8,64.82,0,9.04,40.46,80.92,310.4,45.6,1.3210631443299,6.69896907216495
03/07/2016,0.00,LU4,Artibeus planirostris,F,225755297,41.7,63.18,0,12.5,40.04,82.98,279.4,43.2,1.46412670007158,6.67945597709377
03/07/2016,0.00,LU4,Artibeus planirostris,M,234409708,51.3,61.04,0,15.48,40.36,87.98,259.8,43.2,1.93707852193995,7.18337182448037
03/07/2016,0.00,LU4,Artibeus planirostris,M,240753712,48.4,64.03,0,19,41.64,83.48,278.2,44.2,1.70670021567218,7.02242990654206
03/07/2016,0.00,LU4,Artibeus planirostris,F,243311752,56.7,69.4,0,18,43.66,93.54,329,45.6,1.69065957446809,6.32024316109423
03/07/2016,0.00,LU4,Artibeus planirostris,M,245658934,51.1,63.9,0,16.5,37.58,84.18,296,47.2,1.69355067567568,7.52648648648649
03/07/2016,0.00,LU4,Artibeus planirostris,F,12153777,53.9,64.04,0,17.5,38.12,86.58,298.4,45,1.77198056300268,6.78619302949062
03/07/2016,0.00,LU4,Carollia perspicillata,M,23547133,17.5,42.96,6.5,9.9,31.08,67.4,160,32,1.07296875,6.4
03/07/2016,0.00,LU4,Carollia perspicillata,F,235929412,16,41.16,7,15.5,29.7,67.78,154.6,31.4,1.01526520051746,6.37749029754204
03/07/2016,0.00,LU4,Carollia perspicillata,F,242450116,16.1,43.46,8,16.5,29.6,69.76,185,33.8,0.853735135135135,6.17535135135135
03/07/2016,0.00,LU4,Carollia perspicillata,F,243750915,16,43.68,7,19,30.12,66.68,164.4,31.2,0.954744525547445,5.92116788321168
03/07/2016,0.00,LU4,Carollia perspicillata,F,244917551,17.7,42.58,8,15,31.46,67.96,162.6,32.4,1.06787822878229,6.45608856088561
03/07/2016,0.00,LU4,Carollia perspicillata,M,11235881,17.6,41.58,8.5,16.5,30.1,70.9,167.4,31.4,1.03139784946237,5.88984468339307
03/07/2016,0.00,LU4,Sturnira lillium,F,225228189,21.6,40.88,0,11.2,27.58,61.65,138.4,30.2,1.53104046242775,6.58988439306358
03/07/2016,0.00,LU4,Sturnira lillium,F,235014432,19.1,39.06,0,12.54,39.66,60.92,140.6,30.8,1.33265291607397,6.7470839260313
03/07/2016,0.00,LU4,Sturnira lillium,F,240410416,14.1,39.64,0,16,41.64,54.9,115.4,27.6,1.19862218370884,6.60103986135182
03/07/2016,0.00,LU4,Sturnira lillium,M,241302589,19.9,42.96,0,15,28.36,61.3,138.8,30.2,1.40647694524496,6.57089337175792
03/07/2016,0.00,LU4,Sturnira lillium,F,242115195,19.3,41.58,0,14,27.02,59.92,156.2,31.6,1.21211907810499,6.39282970550576
03/07/2016,0.00,LU4,Sturnira lillium,M,245257656,19.3,42.5,0,14,27.26,60.82,138.8,29.2,1.36407060518732,6.14293948126801
03/07/2016,0.00,LU4,Sturnira lillium,F,827895,20.9,41.12,0,13,27.74,57.02,142,30.4,1.4438661971831,6.50816901408451
03/07/2016,0.00,LU4,Sturnira lillium,F,12830369,18.2,42.3,0,13,30.24,59.46,152.8,31.6,1.16846858638743,6.53507853403141
03/07/2016,0.00,LU4,Sturnira lillium,F,10048043,19.1,40.6,0,11.5,27.74,63.76,138.4,29.6,1.35383670520231,6.33063583815029
03/07/2016,0.00,LU4,Uroderma bilobatum,M,NA,19.5,46.76,0,15.5,27.36,62.34,NA,NA,NA,NA
03/07/2016,0.00,LU4,Uroderma bilobatum,F,11729188,16.2,44.16,0,12.5,28.3,64.24,164.6,33.2,0.9655042527339,6.69647630619684
04/07/2016,0.00,LU2 ,Artibeus planirostris,F,193309569,44.1,67.02,0,18.5,41.24,85.12,308.6,46,1.40188269604666,6.85677252106286
04/07/2016,0.00,LU2 ,Artibeus planirostris,M,211954907,57.7,65.54,0,17,39.1,89.88,330.4,45.6,1.71318704600484,6.29346246973366
04/07/2016,0.00,LU2 ,Artibeus planirostris,M,213748192,43.7,63.94,0,18.5,38.68,80.94,321.6,46.2,1.33301305970149,6.63694029850746
04/07/2016,0.00,LU2 ,Artibeus planirostris,M,220644232,59.3,64.66,0,19.5,41.4,83.2,291.2,44.2,1.99770947802198,6.70892857142857
04/07/2016,0.00,LU2 ,Artibeus planirostris,F,223907450,50.7,65.44,0,20.5,39.64,85.32,325.2,46.2,1.52941881918819,6.56346863468635
04/07/2016,0.00,LU2 ,Artibeus planirostris,F,235031474,52.8,66.58,0,19.5,38.5,87.46,328,46.2,1.57917073170732,6.50743902439024
04/07/2016,0.00,LU2 ,Artibeus planirostris,M,235414694,46.5,64.22,0,17,40.36,78.42,275.4,41.6,1.65637254901961,6.28380537400145
04/07/2016,0.00,LU2 ,Artibeus planirostris,F,235929611,64.5,67.04,0,18,40.46,90.08,335,48,1.88879104477612,6.87761194029851
04/07/2016,0.00,LU2 ,Artibeus planirostris,F,240928503,43.8,63.98,0,19.5,37.06,80.24,308.8,45,1.39144430051813,6.55764248704663
04/07/2016,0.00,LU2 ,Artibeus planirostris,F,241239516,53.4,66.4,0,16.5,41.82,87.98,365.6,47.8,1.43286105032823,6.24956236323851
04/07/2016,0.00,LU2 ,Artibeus planirostris,F,241604979,54.2,67.38,0,17,41.76,84.94,325,47,1.63600615384615,6.79692307692308
04/07/2016,0.00,LU2 ,Carollia perspicillata,M,NA,NA,NA,NA,NA,NA,NA,NA,NA,NA,NA
04/07/2016,0.00,LU2 ,Carollia perspicillata,M,240440821,15.5,41.08,9.5,17,29.12,69.14,148.6,30.4,1.02325033647376,6.21911170928668
05/07/2016,0.00,LU5,Artibeus lituratus,M,185209118,65,69.62,0,18.5,40.58,89.82,390.4,51.6,1.63332479508197,6.82008196721312
05/07/2016,0.00,LU5,Artibeus planirostris,F,193303206,48.7,61.24,0,16.5,36.22,81.38,263.4,43.4,1.81376993166287,7.15094912680334
05/07/2016,0.00,LU5,Artibeus planirostris,F,205022398,57.2,64.82,0,20,39.62,87.94,309.2,43.6,1.81478654592497,6.14799482535576
05/07/2016,0.00,LU5,Artibeus planirostris,M,231551483,48.7,67.42,0,18.5,41.2,82.52,315.8,47.8,1.51281507283091,7.23508549715009
05/07/2016,0.00,LU5,Artibeus planirostris,M,242141749,48.2,60.6,0,19,36.64,79.56,279.4,44.2,1.69234788833214,6.99226914817466
05/07/2016,0.00,LU5,Artibeus planirostris,F,241947083,53.6,65.7,0,18,39.44,83.06,319.6,45.8,1.64523153942428,6.56332916145181
05/07/2016,0.00,LU5,Artibeus planirostris,F,242535046,46.2,65.78,0,17,36.26,84.48,307.6,46.6,1.47341352405722,7.05968790637191
05/07/2016,0.00,LU5,Artibeus planirostris,M,NA,57.7,66.12,0,18,42.42,84.02,NA,NA,NA,NA
05/07/2016,0.00,LU5,Artibeus planirostris,M,245559210,57.2,68.48,0,18,39.78,82.28,358,48,1.56740782122905,6.43575418994413
05/07/2016,0.00,LU5,Artibeus planirostris,F,10443669,50.7,64.44,0,17,39,84.8,295.8,43.2,1.68143002028398,6.30912778904665
05/07/2016,0.00,LU5,Carollia castanea,M,192159848,11.6,35.32,8.5,14,25.2,60.8,129.2,28,0.88077399380805,6.06811145510836
05/07/2016,0.00,LU5,Carollia perspicillata,F,NA,NA,NA,NA,NA,NA,NA,NA,NA,NA,NA
05/07/2016,0.00,LU5,Carollia perspicillata,F,185810627,15.6,41.74,7,15.5,29.94,64.48,162.2,31.6,0.943501849568434,6.15635018495684
05/07/2016,0.00,LU5,Carollia perspicillata,F,192727309,18.1,43.72,7.5,14.5,32.76,66.74,154.4,29.8,1.15000647668394,5.75155440414508
05/07/2016,0.00,LU5,Carollia perspicillata,F,201058254,16.5,42.54,8,16.5,28.7,67.72,166.4,31.2,0.972746394230769,5.85
05/07/2016,0.00,LU5,Carollia perspicillata,F,201735140,18.4,42.28,8,16.5,30.28,67.54,166.6,31.8,1.08345738295318,6.06986794717887
05/07/2016,0.00,LU5,Carollia perspicillata,M,205500903,15.2,42.62,6,17,31.84,61,156.8,31.6,0.950969387755102,6.36836734693878
05/07/2016,0.00,LU5,Carollia perspicillata,F,220322346,18.5,41.24,9.5,17,29.32,67.82,158.8,31.4,1.14285264483627,6.2088161209068
05/07/2016,0.00,LU5,Carollia perspicillata,F,220840006,18.8,42.46,7.5,17,30.02,67.78,158.4,30.4,1.16431818181818,5.83434343434343
05/07/2016,0.00,LU5,Carollia perspicillata,M,221256246,17.5,43.58,8,17,31.78,66.56,156.8,29.4,1.09486607142857,5.5125
05/07/2016,0.00,LU5,Carollia perspicillata,F,221954169,16.7,41.86,8,18,36.28,66.46,179.6,34.4,0.91217706013363,6.58886414253898
05/07/2016,0.00,LU5,Carollia perspicillata,F,224653424,17.9,42.76,7,16.5,30.2,64.2,175.6,33,0.99999430523918,6.20159453302961
05/07/2016,0.00,LU5,Carollia perspicillata,F,225559200,16.5,42.32,5.5,17,29.14,63.92,163.4,31.2,0.990605875152999,5.95740514075887
05/07/2016,0.00,LU5,Carollia perspicillata,F,230311486,15.6,41.9,7,16,30.24,66.82,161.6,30.2,0.94700495049505,5.64381188118812
05/07/2016,0.00,LU5,Carollia perspicillata,F,230955670,16.3,43.46,6.5,16,30.22,64.04,177.6,33,0.90035472972973,6.13175675675676
05/07/2016,0.00,LU5,Carollia perspicillata,F,232226834,16.5,40.2,8.5,17.5,30.4,68.98,153.2,30,1.05656005221932,5.87467362924282
05/07/2016,0.00,LU5,Carollia perspicillata,F,232720025,17.4,44.84,8,17,32.26,70.3,190,33,0.898389473684211,5.73157894736842
05/07/2016,0.00,LU5,Carollia perspicillata,M,241130096,16,44.84,7.5,14,29.64,62.6,158.4,31,0.990909090909091,6.06691919191919
05/07/2016,0.00,LU5,Carollia perspicillata,M,243213662,14.1,40.84,8.5,16.5,28.76,64.86,141.6,31,0.976843220338983,6.78672316384181
05/07/2016,0.00,LU5,Carollia perspicillata,M,243554093,17.1,42.28,7.5,16,27.84,68.98,169.6,32.2,0.989097877358491,6.11344339622642
05/07/2016,0.00,LU5,Carollia perspicillata,F,243955255,16.7,40.18,6.5,17.5,29.94,67.12,168.4,33,0.972844418052257,6.4667458432304
05/07/2016,1.00,LU5,Carollia perspicillata,F,NA,NA,NA,NA,NA,NA,NA,NA,NA,NA,NA
05/07/2016,0.00,LU5,Carollia perspicillata,F,245210854,17.7,44.64,7,17.5,29.06,67.86,178.2,33.2,0.974393939393939,6.18540965207632
05/07/2016,0.00,LU5,Carollia perspicillata,M,10108814,17.6,40.56,6,15,30.16,62.58,164.2,31.8,1.05149817295981,6.15858708891596
05/07/2016,0.00,LU5,Carollia perspicillata,M,10828955,14.5,42.76,5,16.5,30.72,61.6,156.8,30.8,0.907174744897959,6.05
05/07/2016,0.00,LU5,Desmodus rotundus,NA,NA,NA,NA,NA,NA,NA,NA,NA,NA,NA,NA
05/07/2016,0.00,LU5,Desmodus rotundus,NA,NA,NA,NA,NA,NA,NA,NA,NA,NA,NA,NA
05/07/2016,0.00,LU5,Lophostoma brasiliense,M,93702423,10.5,38.28,8.5,21,29.64,59.88,131.6,26.8,0.782712765957447,5.45775075987842
05/07/2016,0.00,LU5,Tonatia saurophila,M,95041812,28.4,58.1,20.5,25,42.1,90.52,271.6,40,1.02578792341679,5.89101620029455
06/07/2016,0.00,LU3,Artibeus planirostris,M,21534816,47,64.52,0,15.5,40.04,84.06,306.2,44.4,1.50578053559765,6.43814500326584
06/07/2016,0.00,LU3,Artibeus planirostris,F,224551813,54,65.1,0,20,39.58,86.16,292.2,44.2,1.8129363449692,6.68596851471595
06/07/2016,0.00,LU3,Artibeus planirostris,F,234610683,58.6,65.88,0,17,42.76,89.02,323.2,43.8,1.77866955445545,5.93576732673267
06/07/2016,0.00,LU3,Carollia perspicillata,F,195451533,18.5,41.82,7,18,30.1,65.8,155.6,31,1.16635604113111,6.17609254498715
06/07/2016,0.00,LU3,Carollia perspicillata,F,200219107,17.1,41.36,8,16,30.06,65.06,159.4,32.2,1.05239021329987,6.50464240903388
06/07/2016,0.00,LU3,Carollia perspicillata,F,220148882,16.1,40.62,7,17.5,29.28,63.12,141,30.6,1.12014893617021,6.64085106382979
06/07/2016,0.00,LU3,Carollia perspicillata,F,230112553,15.9,43.82,7,16.5,32.24,63.46,160,30.2,0.97486875,5.70025
06/07/2016,0.00,LU3,Micronycteris sp.,F,101636545,6.7,38.88,10.5,19.78,27.54,55.32,95.8,23.8,0.686085594989562,5.91273486430063
06/07/2016,0.00,LU3,Phyllostomus elongatus,M,192706797,37.8,66.62,17,24.5,41.34,96.48,311.2,47.8,1.19157455012853,7.34203084832905
06/07/2016,0.00,LU3,Phyllostomus elongatus,F,193532904,48.9,71.6,16.5,24.5,43.78,101.42,325.2,46.6,1.47511992619926,6.67761377613776
06/07/2016,0.00,LU3,Phyllostomus elongatus,M,221049467,36.6,67.68,17.5,25.5,43.6,93.3,310.2,45,1.15746615087041,6.52804642166344
06/07/2016,0.00,LU3,Phyllostomus elongatus,F,235424192,42.5,70.68,14.5,22,44.08,97.6,296.8,45,1.40473382749326,6.82277628032345
06/07/2016,0.00,LU3,Sturnira lillium,M,225230392,21.7,42.89,0,13.5,26.08,62.84,145.8,30.8,1.46006172839506,6.50644718792867
07/07/2016,0.00,LU1,Artibeus lituratus,F,200547291,67.2,74.52,0,16,42.2,102.1,411.6,53.6,1.60163265306122,6.97998056365403
07/07/2016,0.00,LU1,Artibeus planirostris,M,185925209,50.8,62.5,0,19,38.92,84.24,310.4,44.6,1.60550257731959,6.40837628865979
07/07/2016,0.00,LU1,Artibeus planirostris,F,193929867,59.2,67.46,0,18.5,41.22,90.86,321.2,47.8,1.8080697384807,7.1134495641345
07/07/2016,0.00,LU1,Artibeus planirostris,F,194437093,49.5,65.76,0,16.5,38.8,88.74,345.2,47.4,1.40670625724218,6.50857473928158
07/07/2016,0.00,LU1,Artibeus planirostris,M,195724929,40.9,61.96,0,18,35.42,79.54,279.6,43.8,1.43501072961373,6.86137339055794
07/07/2016,0.00,LU1,Artibeus planirostris,F,205032969,55.9,66.66,0,20,42.36,89.6,338.4,48,1.62050531914894,6.80851063829787
07/07/2016,0.00,LU1,Artibeus planirostris,F,220015338,56.4,64.9,0,17.5,38.82,88.76,331.6,46.2,1.66852834740651,6.43679131483715
07/07/2016,0.00,LU1,Carollia perspicillata,F,223929771,17.8,42.64,7.5,15.5,30.86,68.36,170.2,32.2,1.02595769682726,6.09189189189189
07/07/2016,0.00,LU1,Phyllostomus discolor,F,193502094,34.7,64.68,13,13,38.92,94.5,250.4,41.2,1.35945287539936,6.77891373801917
07/07/2016,0.00,LU1,Phyllostomus discolor,M,201241988,34.15,66.06,7,19.5,35.22,86.46,276.6,44.8,1.21117678958785,7.25610990600145
08/07/2016,0.00,LU5,Artibeus planirostris,F,190941374,58.9,65.44,0,19.5,40.26,84.2,323.8,46.2,1.78446263125386,6.59184681902409
08/07/2016,0.00,LU5,Artibeus planirostris,F,194024153,42.2,65.8,0,18,41.58,81.2,312.6,45.6,1.32431861804223,6.65182341650672
08/07/2016,0.00,LU5,Artibeus planirostris,F,203343813,51.7,63.54,0,15.5,38.3,87.86,298,43.2,1.70193624161074,6.26255033557047
08/07/2016,0.00,LU5,Artibeus planirostris,M,NA,51.3,65.54,0,18.5,37.16,81.56,336.6,47.4,1.49510695187166,6.67486631016043
08/07/2016,0.00,LU5,Carollia castanea,F,184630788,10.9,36.64,6,14.5,26.62,55.1,126.2,27,0.84729793977813,5.77654516640254
08/07/2016,0.00,LU5,Carollia castanea,F,190351206,11.2,35.56,8,13.5,25.64,58.84,123.6,26.6,0.888932038834951,5.72459546925566
08/07/2016,0.00,LU5,Carollia perspicillata,F,193015024,16.6,40.88,7,16,30.24,64.52,139.6,29,1.16651862464183,6.0243553008596
08/07/2016,0.00,LU5,Carollia perspicillata,M,193435219,20.3,42.26,7,17,30.7,66.36,159.4,30.4,1.2493287327478,5.79774153074028
08/07/2016,0.00,LU5,Carollia perspicillata,M,195518483,15.4,40.56,6,15,31.48,62.06,157.2,31.2,0.961030534351145,6.19236641221374
08/07/2016,0.00,LU5,Carollia perspicillata,M,200136267,15.8,42.42,7,16,30.46,65.46,152,30.2,1.01972368421053,6.00026315789474
08/07/2016,0.00,LU5,Carollia perspicillata,M,203913645,17,41.46,6,14.5,29.86,63.82,171,31.2,0.975263157894737,5.69263157894737
08/07/2016,0.00,LU5,Carollia perspicillata,M,212833638,17.2,41.3,7,18,30.02,66.14,145.4,27.4,1.16046767537827,5.16341127922971
08/07/2016,0.00,LU5,Carollia perspicillata,M,213543627,14.2,42.48,6,16.5,30.78,62.38,140.4,28.6,0.992179487179487,5.82592592592593
08/07/2016,0.00,LU5,Carollia perspicillata,F,NA,16.3,42.68,7,16.5,29.64,61.54,150.2,29.8,1.06460053262317,5.91238348868176
08/07/2016,0.00,LU5,Phyllostomus elongatus,F,202820678,40.9,67.84,14,23,42.98,93.7,322.6,46.1,1.24373527588345,6.58775573465592
08/07/2016,0.00,LU3,Glossophaga soricina,F,123215424,8.2,35.26,11.5,10.8,22.52,63.3,84,24.2,0.957642857142857,6.97190476190476
